state,hours
AK,55
AK,40
AK,40
AK,40
AK,40
AK,40
AK,5
AK,40
AK,38
AK,60
AK,60
AK,40
AK,20
AK,40
AK,84
AK,60
AK,40
AK,38
AK,36
AK,60
AK,4
AK,50
AK,77
AK,40
AK,32
AK,40
AK,24
AK,45
AK,40
AK,60
AK,45
AK,40
AK,40
AK,40
AK,84
AK,45
AK,20
AK,45
AK,40
AK,35
AK,40
AK,40
AK,50
AK,40
AK,3
CA,32
CA,40
CA,40
CA,99
CA,99
CA,40
CA,40
CA,24
CA,40
CA,40
CA,40
CA,40
CA,40
CA,40
CA,40
CA,2
CA,40
CA,40
CA,40
CA,40
CA,35
CA,45
CA,35
CA,40
CA,35
CA,40
CA,40
CA,40
CA,40
CA,38
CA,40
CA,40
CA,50
CA,60
CA,40
CA,40
CA,40
CA,50
CA,35
CA,45
CA,40
CA,40
CA,30
CA,40
CA,40
CA,40
CA,40
CA,40
CA,40
CA,40
CA,40
CA,40
CA,40
CA,40
CA,40
CA,40
CA,40
CA,50
CA,50
CA,40
CA,40
CA,40
CA,40
CA,40
CA,40
CA,40
CA,40
CA,40
CA,40
CA,40
CA,40
CA,40
CA,40
CA,40
CA,40
CA,40
CA,40
CA,40
CA,40
CA,40
CA,45
CA,45
CA,40
CA,40
CA,30
CA,40
CA,40
CA,40
CA,40
CA,15
CA,45
CA,40
CA,30
CA,40
CA,8
CA,10
CA,40
CA,40
CA,24
CA,30
CA,40
CA,20
CA,40
CA,39
CA,80
CA,40
CA,40
CA,20
CA,40
CA,40
CA,40
CA,40
CA,40
CA,50
CA,40
CA,40
CA,40
CA,40
CA,40
CA,40
CA,50
CA,40
CA,38
CA,40
CA,40
CA,40
CA,40
CA,30
CA,40
CA,20
CA,40
CA,40
CA,40
CA,40
CA,40
CA,40
CA,40
CA,40
CA,42
CA,38
CA,40
CA,10
CA,10
CA,50
CA,40
CA,40
CA,40
CA,40
CA,40
CA,15
CA,12
CA,40
CA,80
CA,30
CA,40
CA,40
CA,40
CA,40
CA,40
CA,40
CA,50
CA,40
CA,40
CA,40
CA,40
CA,40
CA,72
CA,5
CA,40
CA,40
CA,40
CA,40
CA,40
CA,40
CA,40
CA,25
CA,40
CA,50
CA,40
CA,30
CA,12
CA,36
CA,40
CA,40
CA,45
CA,40
CA,40
CA,40
CA,40
CA,40
CA,40
CA,40
CA,25
CA,40
CA,40
CA,50
CA,16
CA,40
CA,40
CA,2
CA,20
CA,35
CA,20
CA,30
CA,40
CA,40
CA,40
CA,40
CA,40
CA,30
CA,40
CA,40
CA,50
CA,50
CA,20
CA,20
CA,50
CA,40
CA,40
CA,16
CA,40
CA,40
CA,25
CA,40
CA,30
CA,50
CA,40
CA,30
CA,50
CA,60
CA,40
CA,40
CA,40
CA,40
CA,20
CA,40
CA,40
CA,40
CA,16
CA,20
CA,38
CA,20
CA,40
CA,40
CA,40
CA,40
CA,20
CA,20
CA,40
CA,40
CA,30
CA,50
CA,40
CA,40
CA,40
CA,12
CA,40
CA,40
CA,40
CA,27
CA,40
CA,30
CA,40
CA,40
CA,30
CA,40
CA,25
CA,36
CA,50
CA,40
CA,40
CA,40
CA,40
CA,20
CA,40
CA,32
CA,28
CA,40
CA,40
CA,60
CA,48
CA,45
CA,40
CA,40
CA,40
CA,40
CA,45
CA,9
CA,40
CA,45
CA,40
CA,40
CA,40
CA,40
CA,40
CA,40
CA,40
CA,40
CA,40
CA,40
CA,40
CA,55
CA,40
CA,5
CA,30
CA,40
CA,40
CA,10
CA,40
CA,40
CA,40
CA,40
CA,40
CA,20
CA,40
CA,40
CA,40
CA,40
CA,40
CA,20
CA,24
CA,40
CA,60
CA,40
CA,40
CA,20
CA,40
CA,40
CA,40
CA,40
CA,40
CA,40
CA,50
CA,20
CA,23
CA,40
CA,40
CA,40
CA,40
CA,40
CA,40
CA,40
CA,40
CA,40
CA,40
CA,40
CA,40
CA,40
CA,40
CA,40
CA,40
CA,60
CA,40
CA,24
CA,40
CA,40
CA,40
CA,40
CA,40
CA,40
CA,40
CA,84
CA,40
CA,40
CA,40
CA,50
CA,45
CA,40
CA,24
CA,40
CA,40
CA,40
CA,40
CA,40
CA,40
CA,40
CA,40
CA,32
CA,32
CA,40
CA,40
CA,40
CA,40
CA,32
CA,40
CA,45
CA,40
CA,40
CA,40
CA,40
CA,40
CA,40
CA,25
FL,40
FL,24
FL,36
FL,20
FL,40
FL,35
FL,40
FL,40
FL,60
FL,70
FL,30
FL,50
FL,40
FL,60
FL,65
FL,30
FL,40
FL,40
FL,32
FL,60
FL,40
FL,12
FL,40
FL,16
FL,16
FL,16
FL,40
FL,40
FL,40
FL,40
FL,40
FL,30
FL,36
FL,40
FL,60
FL,40
FL,40
FL,36
FL,40
FL,40
FL,40
FL,40
FL,40
FL,20
FL,40
FL,40
FL,40
FL,40
FL,40
FL,50
FL,40
FL,99
FL,40
FL,40
FL,40
FL,40
FL,40
FL,8
FL,40
FL,40
FL,40
FL,40
FL,40
FL,30
FL,40
FL,40
FL,40
FL,40
FL,32
FL,30
FL,40
FL,40
FL,40
FL,40
FL,27
FL,40
FL,80
FL,40
FL,50
FL,70
FL,45
FL,20
FL,40
FL,40
FL,40
FL,40
FL,40
FL,40
FL,40
FL,45
FL,45
FL,40
FL,20
FL,35
FL,40
FL,52
FL,40
FL,25
FL,40
FL,45
FL,24
FL,35
FL,40
FL,40
FL,40
FL,40
FL,40
FL,10
FL,50
FL,40
FL,40
FL,36
FL,25
FL,50
FL,60
FL,8
FL,50
FL,40
FL,50
FL,40
FL,25
FL,30
FL,45
FL,40
FL,45
FL,40
FL,40
FL,25
FL,40
FL,40
FL,40
FL,40
FL,40
FL,60
FL,40
FL,40
FL,40
FL,40
FL,40
FL,32
FL,40
FL,50
FL,50
FL,45
FL,40
FL,40
FL,40
FL,42
FL,60
FL,34
FL,40
FL,40
FL,40
FL,40
FL,40
FL,40
FL,20
FL,35
FL,30
FL,40
FL,40
FL,40
FL,40
FL,40
FL,40
FL,40
FL,30
FL,40
FL,30
FL,40
FL,40
FL,40
FL,40
FL,40
FL,40
FL,20
FL,40
FL,40
FL,40
FL,40
FL,45
FL,40
FL,45
FL,40
FL,40
FL,40
FL,40
FL,24
FL,40
FL,40
FL,40
FL,40
FL,40
FL,40
FL,60
FL,20
HI,40
HI,40
HI,40
HI,40
HI,12
HI,30
HI,38
HI,25
HI,4
HI,60
HI,40
HI,40
HI,40
HI,40
HI,40
HI,35
HI,40
HI,40
HI,40
HI,40
HI,40
HI,40
HI,25
HI,37
HI,40
HI,40
HI,36
HI,40
HI,60
HI,40
HI,20
HI,40
HI,40
HI,37
HI,20
HI,40
HI,40
HI,40
HI,40
HI,40
HI,32
HI,38
HI,40
HI,40
HI,40
HI,40
HI,40
HI,40
HI,40
HI,25
HI,40
HI,40
HI,15
HI,40
HI,40
HI,40
HI,40
HI,35
HI,40
HI,4
HI,40
HI,40
HI,40
NV,30
NV,40
NV,40
NV,40
NV,40
NV,38
NV,40
NV,3
NV,40
NV,50
NV,40
NV,40
NV,30
NV,40
NV,40
NV,40
NV,40
NV,16
NV,40
NV,40
NV,40
NV,40
NV,28
NV,40
NV,80
NV,40
NV,40
NV,45
NV,40
NV,40
NV,40
NV,40
NV,40
NV,50
NV,40
NV,40
NV,50
NV,30
NV,40
NV,40
NV,20
NV,40
NV,40
NV,40
NV,40
NV,40
NV,40
NV,40
NV,32
NV,40
NV,40
AK,60
AK,40
AK,40
AK,40
AK,10
AK,50
AK,40
AK,40
AK,40
AK,40
AK,40
AK,40
AK,20
AK,40
AK,40
AK,45
AK,20
AK,40
AK,45
AK,82
AK,10
AK,10
AK,40
AK,40
AK,37
AK,8
AK,40
AK,40
AK,45
AK,45
AK,45
AK,40
AK,40
AK,40
AK,20
AK,40
AK,40
CA,60
CA,50
CA,40
CA,40
CA,60
CA,40
CA,20
CA,50
CA,40
CA,25
CA,40
CA,40
CA,40
CA,40
CA,32
CA,40
CA,40
CA,40
CA,40
CA,40
CA,38
CA,40
CA,40
CA,46
CA,40
CA,40
CA,45
CA,50
CA,40
CA,45
CA,45
CA,50
CA,40
CA,40
CA,40
CA,40
CA,15
CA,40
CA,40
CA,40
CA,60
CA,45
CA,40
CA,40
CA,60
CA,45
CA,65
CA,40
CA,23
CA,8
CA,40
CA,25
CA,42
CA,40
CA,40
CA,40
CA,40
CA,40
CA,40
CA,50
CA,40
CA,35
CA,40
CA,40
CA,40
CA,40
CA,25
CA,40
CA,40
CA,40
CA,36
CA,40
CA,40
CA,30
CA,40
CA,40
CA,10
CA,30
CA,40
CA,40
CA,45
CA,35
CA,40
CA,40
CA,36
CA,50
CA,40
CA,40
CA,40
CA,15
CA,50
CA,40
CA,40
CA,44
CA,40
CA,40
CA,40
CA,40
CA,60
CA,25
CA,40
CA,40
CA,40
CA,40
CA,40
CA,50
CA,36
CA,36
CA,45
CA,40
CA,40
CA,40
CA,40
CA,45
CA,55
CA,40
CA,6
CA,40
CA,40
CA,40
CA,40
CA,60
CA,20
CA,40
CA,40
CA,40
CA,40
CA,40
CA,20
CA,45
CA,45
CA,40
CA,40
CA,80
CA,80
CA,40
CA,40
CA,8
CA,40
CA,40
CA,40
CA,40
CA,40
CA,40
CA,30
CA,40
CA,30
CA,30
CA,30
CA,45
CA,40
CA,16
CA,40
CA,40
CA,40
CA,40
CA,40
CA,40
CA,40
CA,45
CA,40
CA,40
CA,40
CA,40
CA,40
CA,40
CA,40
CA,40
CA,60
CA,40
CA,30
CA,40
CA,40
CA,21
CA,40
CA,40
CA,40
CA,25
CA,40
CA,45
CA,40
CA,40
CA,40
CA,40
CA,40
CA,30
CA,40
CA,40
CA,40
CA,40
CA,50
CA,40
CA,40
CA,40
CA,40
CA,40
CA,40
CA,40
CA,40
CA,10
CA,40
CA,40
CA,40
CA,40
CA,40
CA,35
CA,20
CA,20
CA,40
CA,40
CA,40
CA,6
CA,36
CA,40
CA,40
CA,40
CA,40
CA,40
CA,40
CA,60
CA,40
CA,40
CA,40
CA,60
CA,40
CA,40
CA,40
CA,50
CA,40
CA,20
CA,40
CA,40
CA,36
CA,40
CA,30
CA,30
CA,50
CA,30
CA,40
CA,40
CA,40
CA,40
CA,40
CA,40
CA,40
CA,40
CA,25
CA,40
CA,40
CA,35
CA,40
CA,40
CA,20
CA,40
CA,40
CA,40
CA,20
CA,40
CA,45
CA,40
CA,50
CA,50
CA,50
CA,40
CA,40
CA,40
CA,24
CA,40
CA,25
CA,40
CA,35
CA,30
CA,20
CA,40
CA,30
CA,40
CA,50
CA,40
CA,40
CA,40
CA,40
CA,24
CA,40
CA,24
CA,40
CA,40
CA,40
CA,40
CA,30
CA,40
CA,35
CA,60
CA,2
CA,40
CA,30
CA,40
CA,40
CA,55
CA,38
CA,20
CA,40
CA,40
CA,20
CA,40
CA,30
CA,40
CA,40
CA,40
CA,40
CA,50
CA,45
CA,45
CA,60
CA,70
CA,40
CA,60
CA,49
CA,40
CA,60
CA,40
CA,30
CA,40
CA,40
CA,60
CA,60
CA,20
CA,40
CA,40
CA,40
CA,12
CA,40
CA,20
CA,40
CA,40
CA,40
CA,40
CA,40
CA,40
CA,40
CA,24
CA,40
CA,40
CA,25
CA,40
CA,40
CA,40
CA,40
CA,20
CA,40
CA,15
CA,20
CA,40
CA,40
CA,8
CA,40
CA,40
CA,72
CA,19
CA,50
CA,40
CA,40
CA,70
CA,50
CA,50
CA,32
CA,45
CA,45
CA,60
CA,40
CA,40
CA,40
CA,40
CA,40
CA,24
CA,36
CA,40
CA,40
CA,40
CA,40
CA,62
CA,50
CA,50
CA,40
CA,40
CA,40
CA,40
CA,40
CA,40
CA,40
CA,40
CA,40
CA,50
CA,30
CA,40
CA,40
CA,30
CA,40
CA,75
FL,40
FL,40
FL,40
FL,40
FL,40
FL,35
FL,40
FL,84
FL,55
FL,36
FL,40
FL,58
FL,20
FL,40
FL,60
FL,40
FL,40
FL,40
FL,45
FL,40
FL,40
FL,40
FL,70
FL,40
FL,80
FL,35
FL,48
FL,40
FL,40
FL,30
FL,50
FL,40
FL,40
FL,40
FL,40
FL,40
FL,40
FL,55
FL,40
FL,20
FL,40
FL,36
FL,40
FL,40
FL,40
FL,40
FL,40
FL,46
FL,40
FL,9
FL,40
FL,40
FL,40
FL,40
FL,30
FL,40
FL,35
FL,40
FL,35
FL,35
FL,35
FL,20
FL,15
FL,40
FL,50
FL,40
FL,40
FL,40
FL,50
FL,40
FL,40
FL,40
FL,40
FL,45
FL,45
FL,40
FL,40
FL,30
FL,20
FL,2
FL,40
FL,10
FL,40
FL,35
FL,40
FL,40
FL,40
FL,60
FL,80
FL,40
FL,80
FL,32
FL,50
FL,40
FL,35
FL,35
FL,40
FL,70
FL,50
FL,40
FL,40
FL,40
FL,40
FL,36
FL,70
FL,40
FL,45
FL,40
FL,40
FL,36
FL,24
FL,30
FL,24
FL,50
FL,40
FL,36
FL,40
FL,20
FL,40
FL,20
FL,40
FL,40
FL,40
FL,10
FL,40
FL,40
FL,40
FL,40
FL,40
FL,45
FL,40
FL,40
FL,32
FL,25
FL,40
FL,45
FL,40
FL,35
FL,60
FL,45
FL,40
FL,40
FL,25
FL,35
FL,40
FL,50
FL,50
FL,40
FL,40
FL,40
FL,40
FL,40
FL,40
FL,40
FL,40
FL,40
FL,20
FL,40
FL,40
FL,40
FL,30
FL,40
FL,40
FL,25
FL,40
FL,40
FL,40
FL,40
FL,28
FL,40
FL,55
FL,40
FL,40
FL,2
FL,50
FL,40
FL,40
FL,40
FL,40
FL,55
FL,15
FL,40
FL,21
FL,40
FL,40
FL,40
FL,40
FL,40
FL,40
FL,24
FL,50
FL,40
FL,40
FL,65
FL,40
FL,50
FL,50
FL,40
FL,40
FL,70
FL,60
FL,30
FL,50
FL,40
FL,40
FL,22
FL,17
FL,16
FL,40
FL,40
HI,40
HI,50
HI,40
HI,40
HI,40
HI,40
HI,60
HI,60
HI,6
HI,40
HI,40
HI,40
HI,35
HI,24
HI,50
HI,40
HI,40
HI,40
HI,40
HI,40
HI,40
HI,40
HI,35
HI,40
HI,45
HI,45
HI,40
HI,40
HI,40
HI,40
HI,40
HI,38
HI,40
HI,40
HI,40
HI,40
HI,40
HI,8
HI,20
HI,15
HI,40
HI,40
HI,40
HI,60
HI,40
HI,40
HI,40
HI,40
HI,40
HI,40
HI,40
HI,20
HI,40
HI,43
HI,40
HI,40
HI,40
HI,37
HI,35
HI,40
HI,40
HI,40
NV,50
NV,40
NV,40
NV,40
NV,30
NV,14
NV,40
NV,16
NV,40
NV,40
NV,40
NV,40
NV,50
NV,40
NV,10
NV,40
NV,40
NV,30
NV,40
NV,40
NV,15
NV,12
NV,40
NV,32
NV,50
NV,40
NV,25
NV,85
NV,42
NV,42
NV,55
NV,40
NV,65
NV,45
NV,50
NV,40
NV,40
NV,40
NV,40
NV,40
NV,40
NV,40
NV,40
NV,40
NV,40
NV,40
NV,40
NV,55
NV,20
NV,50
NV,40
AK,84
AK,40
AK,27
AK,40
AK,50
AK,20
AK,40
AK,42
AK,20
AK,60
AK,40
AK,40
AK,40
AK,20
AK,20
AK,28
AK,32
AK,40
AK,36
AK,40
AK,40
AK,20
AK,35
AK,40
AK,72
AK,30
AK,90
AK,40
AK,4
AK,70
AK,40
CA,16
CA,40
CA,40
CA,40
CA,40
CA,40
CA,40
CA,40
CA,50
CA,35
CA,40
CA,40
CA,35
CA,40
CA,40
CA,40
CA,40
CA,40
CA,30
CA,40
CA,12
CA,40
CA,40
CA,20
CA,40
CA,40
CA,40
CA,40
CA,40
CA,25
CA,6
CA,40
CA,40
CA,40
CA,40
CA,40
CA,40
CA,40
CA,40
CA,40
CA,40
CA,40
CA,45
CA,40
CA,40
CA,40
CA,30
CA,35
CA,15
CA,40
CA,20
CA,40
CA,40
CA,40
CA,40
CA,40
CA,40
CA,40
CA,40
CA,40
CA,40
CA,40
CA,50
CA,40
CA,30
CA,32
CA,40
CA,10
CA,40
CA,20
CA,40
CA,45
CA,32
CA,40
CA,40
CA,40
CA,40
CA,40
CA,40
CA,60
CA,30
CA,40
CA,40
CA,40
CA,40
CA,13
CA,40
CA,32
CA,50
CA,10
CA,30
CA,30
CA,10
CA,24
CA,40
CA,40
CA,40
CA,60
CA,30
CA,44
CA,40
CA,40
CA,40
CA,40
CA,40
CA,35
CA,6
CA,4
CA,40
CA,40
CA,40
CA,40
CA,40
CA,38
CA,4
CA,40
CA,42
CA,8
CA,40
CA,40
CA,40
CA,30
CA,4
CA,50
CA,16
CA,40
CA,40
CA,40
CA,30
CA,30
CA,40
CA,40
CA,40
CA,40
CA,40
CA,30
CA,36
CA,40
CA,32
CA,40
CA,60
CA,40
CA,40
CA,45
CA,40
CA,40
CA,40
CA,40
CA,40
CA,40
CA,40
CA,40
CA,35
CA,40
CA,36
CA,40
CA,20
CA,40
CA,20
CA,40
CA,40
CA,40
CA,55
CA,40
CA,40
CA,40
CA,50
CA,40
CA,40
CA,40
CA,40
CA,55
CA,30
CA,40
CA,40
CA,40
CA,40
CA,40
CA,25
CA,40
CA,40
CA,40
CA,40
CA,40
CA,40
CA,30
CA,50
CA,40
CA,40
CA,18
CA,40
CA,60
CA,40
CA,40
CA,50
CA,40
CA,40
CA,40
CA,40
CA,40
CA,40
CA,40
CA,40
CA,40
CA,40
CA,40
CA,40
CA,40
CA,40
CA,40
CA,40
CA,40
CA,40
CA,40
CA,50
CA,40
CA,40
CA,30
CA,35
CA,40
CA,40
CA,20
CA,40
CA,40
CA,40
CA,40
CA,40
CA,36
CA,40
CA,40
CA,40
CA,40
CA,40
CA,40
CA,30
CA,40
CA,40
CA,40
CA,40
CA,40
CA,40
CA,15
CA,30
CA,40
CA,40
CA,30
CA,45
CA,40
CA,30
CA,25
CA,40
CA,40
CA,40
CA,40
CA,40
CA,70
CA,70
CA,40
CA,40
CA,40
CA,40
CA,35
CA,40
CA,40
CA,40
CA,50
CA,40
CA,16
CA,40
CA,7
CA,36
CA,60
CA,50
CA,40
CA,40
CA,40
CA,40
CA,40
CA,40
CA,40
CA,40
CA,40
CA,40
CA,40
CA,40
CA,40
CA,40
CA,40
CA,40
CA,40
CA,40
CA,60
CA,50
CA,50
CA,40
CA,40
CA,40
CA,40
CA,30
CA,20
CA,50
CA,40
CA,25
CA,35
CA,40
CA,40
CA,40
CA,45
CA,10
CA,40
CA,40
CA,40
CA,40
CA,60
CA,40
CA,40
CA,55
CA,40
CA,40
CA,40
CA,40
CA,32
CA,20
CA,50
CA,25
CA,40
CA,40
CA,40
CA,40
CA,30
CA,40
CA,40
CA,45
CA,40
CA,40
CA,40
CA,40
CA,14
CA,45
CA,40
CA,40
CA,50
CA,40
CA,30
CA,4
CA,40
CA,40
CA,40
CA,40
CA,40
CA,50
CA,50
CA,50
CA,40
CA,40
CA,24
CA,40
CA,40
CA,40
CA,40
CA,40
CA,40
CA,70
CA,45
CA,50
CA,52
CA,40
CA,40
CA,40
CA,40
CA,24
CA,40
CA,40
CA,32
CA,40
CA,16
CA,50
CA,40
CA,40
CA,40
CA,40
CA,40
CA,40
CA,40
CA,40
CA,40
CA,40
CA,40
CA,40
CA,40
FL,12
FL,40
FL,8
FL,20
FL,35
FL,20
FL,40
FL,40
FL,40
FL,40
FL,36
FL,40
FL,40
FL,60
FL,6
FL,36
FL,40
FL,30
FL,50
FL,20
FL,38
FL,40
FL,40
FL,40
FL,40
FL,32
FL,40
FL,40
FL,40
FL,40
FL,45
FL,40
FL,42
FL,36
FL,80
FL,40
FL,50
FL,50
FL,25
FL,30
FL,10
FL,40
FL,40
FL,40
FL,40
FL,36
FL,36
FL,40
FL,50
FL,20
FL,40
FL,40
FL,40
FL,40
FL,40
FL,35
FL,40
FL,45
FL,40
FL,40
FL,40
FL,60
FL,80
FL,40
FL,12
FL,40
FL,40
FL,40
FL,40
FL,40
FL,40
FL,48
FL,40
FL,20
FL,60
FL,36
FL,40
FL,40
FL,40
FL,40
FL,50
FL,40
FL,50
FL,30
FL,40
FL,40
FL,40
FL,32
FL,40
FL,40
FL,20
FL,40
FL,40
FL,40
FL,30
FL,35
FL,50
FL,20
FL,40
FL,40
FL,40
FL,40
FL,40
FL,40
FL,40
FL,40
FL,30
FL,40
FL,36
FL,40
FL,40
FL,40
FL,55
FL,20
FL,40
FL,40
FL,47
FL,40
FL,40
FL,60
FL,40
FL,25
FL,40
FL,40
FL,40
FL,40
FL,40
FL,40
FL,25
FL,60
FL,1
FL,5
FL,50
FL,50
FL,50
FL,48
FL,40
FL,40
FL,60
FL,40
FL,40
FL,40
FL,37
FL,28
FL,40
FL,40
FL,40
FL,40
FL,40
FL,40
FL,25
FL,45
FL,70
FL,40
FL,60
FL,25
FL,40
FL,40
FL,40
FL,40
FL,40
FL,40
FL,35
FL,20
FL,40
FL,40
FL,60
FL,40
FL,70
FL,36
FL,50
FL,25
FL,60
FL,40
FL,35
FL,20
FL,60
FL,40
FL,55
FL,60
FL,40
FL,40
FL,45
FL,4
FL,40
FL,48
FL,40
FL,40
FL,55
FL,40
FL,40
FL,40
FL,40
FL,40
FL,50
FL,40
FL,50
FL,40
FL,40
FL,40
FL,50
FL,40
FL,40
FL,40
FL,25
FL,40
FL,70
FL,40
HI,80
HI,60
HI,40
HI,32
HI,60
HI,34
HI,40
HI,40
HI,40
HI,40
HI,45
HI,30
HI,54
HI,40
HI,50
HI,40
HI,35
HI,40
HI,40
HI,40
HI,40
HI,40
HI,40
HI,40
HI,40
HI,40
HI,40
HI,30
HI,40
HI,40
HI,40
HI,40
HI,13
HI,40
HI,40
HI,50
HI,30
HI,20
HI,40
HI,2
HI,40
HI,40
HI,40
HI,40
HI,40
HI,40
HI,12
HI,40
HI,20
HI,40
HI,60
HI,40
HI,40
HI,40
HI,35
HI,40
HI,35
NV,40
NV,40
NV,10
NV,40
NV,40
NV,40
NV,40
NV,20
NV,5
NV,40
NV,50
NV,23
NV,40
NV,24
NV,42
NV,42
NV,40
NV,40
NV,40
NV,40
NV,35
NV,40
NV,40
NV,28
NV,35
NV,70
NV,40
NV,40
NV,40
NV,40
NV,40
NV,40
NV,40
NV,40
NV,40
NV,40
NV,60
NV,40
NV,40
NV,40
NV,40
NV,40
NV,40
NV,40
NV,40
NV,40
NV,35
NV,40
NV,40
NV,50
NV,40
NV,40
NV,40
NV,40
NV,40
NV,40
NV,40
NV,40
NV,40
NV,40
NV,40
NV,40
NV,40
NV,32
AK,40
AK,40
AK,40
AK,40
AK,40
AK,32
AK,10
AK,10
AK,40
AK,40
AK,3
AK,40
AK,30
AK,55
AK,40
AK,45
AK,40
AK,45
AK,40
AK,50
AK,40
AK,18
AK,40
AK,40
AK,40
AK,40
AK,40
AK,40
AK,40
AK,20
AK,42
AK,40
AK,48
AK,50
AK,36
AK,40
AK,40
AK,5
AK,40
AK,40
AK,60
AK,40
AK,40
AK,60
CA,20
CA,40
CA,20
CA,50
CA,20
CA,40
CA,16
CA,40
CA,40
CA,40
CA,60
CA,40
CA,40
CA,40
CA,50
CA,40
CA,40
CA,40
CA,40
CA,40
CA,40
CA,40
CA,40
CA,40
CA,40
CA,40
CA,40
CA,40
CA,40
CA,40
CA,40
CA,40
CA,40
CA,40
CA,40
CA,50
CA,55
CA,45
CA,20
CA,40
CA,40
CA,40
CA,30
CA,40
CA,40
CA,20
CA,32
CA,40
CA,40
CA,40
CA,40
CA,40
CA,40
CA,40
CA,40
CA,40
CA,40
CA,48
CA,24
CA,40
CA,45
CA,40
CA,30
CA,40
CA,40
CA,9
CA,40
CA,40
CA,25
CA,40
CA,40
CA,32
CA,50
CA,40
CA,40
CA,40
CA,10
CA,40
CA,40
CA,65
CA,40
CA,40
CA,40
CA,40
CA,65
CA,65
CA,40
CA,40
CA,40
CA,30
CA,40
CA,50
CA,40
CA,20
CA,40
CA,40
CA,40
CA,40
CA,50
CA,40
CA,40
CA,40
CA,16
CA,40
CA,40
CA,40
CA,40
CA,37
CA,35
CA,40
CA,35
CA,36
CA,40
CA,40
CA,40
CA,40
CA,40
CA,40
CA,40
CA,40
CA,40
CA,48
CA,15
CA,30
CA,38
CA,30
CA,40
CA,40
CA,45
CA,40
CA,40
CA,40
CA,8
CA,40
CA,40
CA,36
CA,40
CA,56
CA,50
CA,40
CA,40
CA,40
CA,40
CA,40
CA,40
CA,40
CA,40
CA,60
CA,40
CA,40
CA,22
CA,40
CA,50
CA,60
CA,50
CA,5
CA,40
CA,40
CA,45
CA,45
CA,48
CA,40
CA,40
CA,40
CA,40
CA,40
CA,40
CA,36
CA,40
CA,10
CA,15
CA,16
CA,40
CA,40
CA,40
CA,40
CA,40
CA,36
CA,21
CA,40
CA,50
CA,40
CA,40
CA,40
CA,40
CA,40
CA,40
CA,40
CA,40
CA,40
CA,40
CA,40
CA,15
CA,40
CA,40
CA,26
CA,50
CA,36
CA,24
CA,45
CA,10
CA,30
CA,40
CA,52
CA,40
CA,40
CA,2
CA,40
CA,40
CA,40
CA,20
CA,60
CA,30
CA,30
CA,40
CA,40
CA,36
CA,40
CA,35
CA,40
CA,40
CA,45
CA,50
CA,40
CA,40
CA,40
CA,40
CA,40
CA,40
CA,40
CA,40
CA,40
CA,40
CA,40
CA,25
CA,17
CA,40
CA,40
CA,80
CA,40
CA,40
CA,40
CA,36
CA,40
CA,40
CA,8
CA,40
CA,60
CA,15
CA,30
CA,10
CA,40
CA,40
CA,40
CA,40
CA,60
CA,40
CA,40
CA,40
CA,40
CA,40
CA,40
CA,40
CA,40
CA,60
CA,40
CA,40
CA,40
CA,40
CA,40
CA,40
CA,40
CA,10
CA,40
CA,40
CA,40
CA,40
CA,40
CA,40
CA,40
CA,50
CA,40
CA,50
CA,50
CA,40
CA,38
CA,35
CA,60
CA,40
CA,50
CA,20
CA,40
CA,48
CA,2
CA,40
CA,30
CA,22
CA,40
CA,40
CA,15
CA,50
CA,40
CA,50
CA,40
CA,40
CA,40
CA,50
CA,40
CA,40
CA,40
CA,45
CA,46
CA,40
CA,50
CA,1
CA,45
CA,40
CA,40
CA,40
CA,50
CA,40
CA,30
CA,40
CA,40
CA,45
CA,40
CA,25
CA,40
CA,40
CA,36
CA,36
CA,50
CA,23
CA,40
CA,40
CA,10
CA,40
CA,40
CA,50
CA,40
CA,38
CA,40
CA,40
CA,40
CA,15
CA,16
CA,40
CA,40
CA,40
CA,40
CA,40
CA,40
CA,16
CA,40
CA,40
CA,40
CA,40
CA,40
CA,40
CA,40
CA,40
CA,40
CA,56
CA,40
CA,40
CA,40
CA,40
CA,40
CA,40
CA,50
CA,70
CA,45
CA,40
CA,40
CA,50
CA,40
CA,40
CA,40
CA,40
CA,40
CA,40
CA,30
CA,40
CA,32
CA,16
CA,40
CA,40
CA,40
CA,24
CA,40
CA,40
CA,40
CA,40
CA,40
CA,20
CA,45
CA,40
CA,40
CA,40
CA,40
CA,30
CA,46
CA,40
CA,40
CA,40
CA,40
CA,40
CA,40
CA,40
CA,30
CA,36
CA,40
CA,50
CA,30
CA,40
FL,28
FL,40
FL,25
FL,40
FL,15
FL,40
FL,40
FL,40
FL,40
FL,40
FL,50
FL,40
FL,40
FL,40
FL,40
FL,40
FL,35
FL,40
FL,40
FL,40
FL,70
FL,40
FL,40
FL,40
FL,35
FL,20
FL,40
FL,50
FL,40
FL,40
FL,25
FL,40
FL,40
FL,40
FL,40
FL,40
FL,40
FL,40
FL,60
FL,40
FL,60
FL,30
FL,70
FL,40
FL,40
FL,20
FL,40
FL,40
FL,40
FL,40
FL,65
FL,40
FL,40
FL,25
FL,40
FL,50
FL,40
FL,40
FL,50
FL,50
FL,40
FL,40
FL,40
FL,15
FL,40
FL,40
FL,40
FL,40
FL,32
FL,30
FL,40
FL,40
FL,40
FL,40
FL,40
FL,40
FL,30
FL,40
FL,22
FL,40
FL,36
FL,12
FL,40
FL,65
FL,40
FL,40
FL,30
FL,10
FL,8
FL,50
FL,50
FL,40
FL,40
FL,40
FL,40
FL,40
FL,40
FL,50
FL,40
FL,40
FL,40
FL,40
FL,40
FL,40
FL,40
FL,40
FL,40
FL,40
FL,60
FL,40
FL,40
FL,40
FL,40
FL,32
FL,80
FL,40
FL,40
FL,40
FL,60
FL,40
FL,40
FL,38
FL,40
FL,40
FL,24
FL,16
FL,40
FL,40
FL,40
FL,47
FL,40
FL,40
FL,25
FL,40
FL,40
FL,40
FL,40
FL,20
FL,60
FL,40
FL,40
FL,40
FL,40
FL,40
FL,40
FL,50
FL,60
FL,40
FL,25
FL,40
FL,30
FL,10
FL,30
FL,40
FL,38
FL,38
FL,30
FL,15
FL,40
FL,40
FL,45
FL,40
FL,40
FL,40
FL,20
FL,40
FL,40
FL,35
FL,35
HI,40
HI,40
HI,40
HI,20
HI,40
HI,40
HI,40
HI,40
HI,28
HI,40
HI,40
HI,40
HI,25
HI,2
HI,30
HI,40
HI,40
HI,40
HI,40
HI,40
HI,40
HI,40
HI,32
HI,40
HI,50
HI,40
HI,40
HI,20
HI,40
HI,40
HI,40
HI,40
HI,40
HI,40
HI,40
HI,40
HI,40
HI,40
HI,40
HI,40
HI,45
HI,25
HI,40
HI,20
HI,40
HI,36
HI,50
HI,20
HI,40
HI,40
HI,40
HI,50
HI,40
HI,40
HI,60
NV,40
NV,40
NV,36
NV,40
NV,40
NV,32
NV,40
NV,55
NV,40
NV,32
NV,40
NV,40
NV,12
NV,40
NV,40
NV,40
NV,40
NV,40
NV,40
NV,40
NV,40
NV,40
NV,35
NV,45
NV,40
NV,45
NV,30
NV,5
NV,16
NV,40
NV,60
NV,60
NV,40
NV,40
NV,45
NV,40
NV,40
NV,40
NV,40
NV,50
NV,50
NV,60
NV,50
NV,40
NV,40
NV,40
NV,30
NV,90
NV,40
NV,40
NV,40
NV,36
NV,40
NV,40
NV,75
NV,40
NV,40
NV,40
NV,40
NV,40
AK,60
AK,16
AK,8
AK,40
AK,45
AK,36
AK,40
AK,40
AK,40
AK,36
AK,40
AK,4
AK,32
AK,40
AK,40
AK,45
AK,32
AK,40
AK,40
AK,50
AK,60
AK,40
AK,60
AK,20
AK,40
AK,80
AK,20
AK,40
AK,40
AK,32
AK,40
AK,55
AK,40
AK,50
AK,30
AK,40
AK,40
AK,20
AK,20
AK,20
AK,50
AK,45
AK,40
AK,40
AK,40
AK,40
AK,40
AK,40
AK,40
AK,40
AK,20
AK,40
AK,40
AK,32
CA,40
CA,60
CA,40
CA,40
CA,40
CA,40
CA,40
CA,70
CA,40
CA,40
CA,40
CA,40
CA,40
CA,40
CA,20
CA,40
CA,40
CA,45
CA,40
CA,40
CA,45
CA,40
CA,40
CA,6
CA,40
CA,40
CA,40
CA,40
CA,40
CA,24
CA,40
CA,40
CA,40
CA,60
CA,40
CA,25
CA,40
CA,40
CA,40
CA,40
CA,40
CA,40
CA,20
CA,25
CA,40
CA,40
CA,20
CA,40
CA,40
CA,40
CA,40
CA,40
CA,40
CA,40
CA,50
CA,40
CA,40
CA,30
CA,40
CA,40
CA,50
CA,40
CA,45
CA,35
CA,50
CA,50
CA,50
CA,40
CA,40
CA,24
CA,8
CA,20
CA,40
CA,20
CA,20
CA,40
CA,40
CA,40
CA,40
CA,40
CA,40
CA,40
CA,40
CA,40
CA,40
CA,40
CA,40
CA,40
CA,40
CA,40
CA,40
CA,28
CA,40
CA,40
CA,35
CA,40
CA,40
CA,40
CA,40
CA,40
CA,40
CA,40
CA,40
CA,40
CA,40
CA,30
CA,30
CA,45
CA,40
CA,40
CA,40
CA,40
CA,40
CA,40
CA,60
CA,60
CA,65
CA,40
CA,30
CA,36
CA,6
CA,24
CA,40
CA,45
CA,6
CA,40
CA,40
CA,40
CA,40
CA,50
CA,40
CA,50
CA,40
CA,40
CA,60
CA,60
CA,80
CA,50
CA,40
CA,40
CA,40
CA,35
CA,40
CA,50
CA,40
CA,40
CA,40
CA,40
CA,40
CA,40
CA,40
CA,45
CA,40
CA,40
CA,40
CA,45
CA,77
CA,50
CA,40
CA,15
CA,40
CA,40
CA,55
CA,40
CA,40
CA,30
CA,40
CA,40
CA,12
CA,40
CA,45
CA,40
CA,40
CA,30
CA,40
CA,40
CA,40
CA,40
CA,30
CA,32
CA,40
CA,50
CA,50
CA,40
CA,40
CA,40
CA,40
CA,40
CA,40
CA,25
CA,30
CA,45
CA,30
CA,45
CA,60
CA,40
CA,40
CA,40
CA,32
CA,20
CA,35
CA,40
CA,40
CA,40
CA,50
CA,40
CA,40
CA,35
CA,32
CA,35
CA,35
CA,40
CA,40
CA,7
CA,22
CA,40
CA,40
CA,40
CA,40
CA,40
CA,50
CA,40
CA,48
CA,50
CA,40
CA,20
CA,60
CA,40
CA,40
CA,40
CA,40
CA,72
CA,30
CA,20
CA,50
CA,20
CA,40
CA,20
CA,20
CA,25
CA,40
CA,40
CA,40
CA,40
CA,40
CA,32
CA,40
CA,40
CA,60
CA,40
CA,40
CA,40
CA,40
CA,40
CA,40
CA,40
CA,40
CA,32
CA,40
CA,60
CA,45
CA,25
CA,40
CA,1
CA,40
CA,40
CA,40
CA,40
CA,40
CA,40
CA,40
CA,40
CA,35
CA,40
CA,40
CA,40
CA,42
CA,40
CA,40
CA,50
CA,40
CA,40
CA,32
CA,50
CA,30
CA,40
CA,4
CA,40
CA,60
CA,40
CA,35
CA,40
CA,15
CA,40
CA,37
CA,40
CA,40
CA,40
CA,40
CA,40
CA,20
CA,50
CA,50
CA,40
CA,60
CA,40
CA,40
CA,50
CA,50
CA,40
CA,40
CA,40
CA,50
CA,50
CA,40
CA,40
CA,8
CA,48
CA,70
CA,40
CA,60
CA,40
CA,40
CA,40
CA,40
CA,40
CA,40
CA,50
CA,40
CA,40
CA,20
CA,40
CA,36
CA,24
CA,36
CA,50
CA,60
CA,40
CA,40
CA,40
CA,36
CA,3
CA,2
CA,40
CA,35
CA,30
CA,30
CA,40
CA,40
CA,40
CA,40
CA,40
CA,70
CA,25
CA,40
CA,40
CA,40
CA,50
CA,37
CA,40
CA,40
CA,40
CA,40
CA,40
CA,60
CA,10
CA,40
CA,35
CA,60
CA,40
CA,40
CA,40
CA,40
CA,40
CA,40
CA,40
CA,40
CA,80
CA,40
CA,10
CA,40
CA,40
CA,40
CA,40
CA,40
CA,36
CA,40
CA,40
CA,40
CA,40
CA,40
CA,20
CA,40
CA,32
CA,40
CA,40
CA,40
CA,38
CA,40
CA,65
CA,40
CA,50
CA,40
CA,40
CA,40
CA,40
CA,40
CA,40
CA,40
CA,40
CA,40
CA,40
CA,40
CA,40
CA,40
CA,40
CA,16
CA,40
CA,40
CA,40
CA,45
CA,40
CA,40
CA,40
CA,40
CA,50
CA,40
CA,20
CA,40
CA,32
CA,40
CA,40
CA,40
CA,40
CA,40
CA,40
CA,40
CA,40
CA,35
CA,40
CA,50
CA,32
CA,25
CA,40
CA,35
FL,40
FL,30
FL,40
FL,40
FL,30
FL,40
FL,40
FL,30
FL,40
FL,40
FL,30
FL,40
FL,40
FL,40
FL,40
FL,32
FL,70
FL,40
FL,40
FL,40
FL,40
FL,68
FL,15
FL,28
FL,35
FL,20
FL,15
FL,16
FL,40
FL,40
FL,40
FL,50
FL,40
FL,70
FL,10
FL,40
FL,40
FL,40
FL,15
FL,40
FL,25
FL,32
FL,35
FL,40
FL,40
FL,40
FL,40
FL,45
FL,35
FL,50
FL,80
FL,30
FL,45
FL,3
FL,40
FL,35
FL,40
FL,40
FL,40
FL,4
FL,25
FL,50
FL,40
FL,40
FL,40
FL,40
FL,45
FL,40
FL,35
FL,25
FL,25
FL,35
FL,40
FL,40
FL,40
FL,40
FL,12
FL,15
FL,40
FL,40
FL,40
FL,40
FL,20
FL,20
FL,50
FL,25
FL,15
FL,20
FL,40
FL,40
FL,40
FL,50
FL,40
FL,40
FL,40
FL,30
FL,40
FL,30
FL,40
FL,40
FL,40
FL,40
FL,40
FL,40
FL,50
FL,40
FL,20
FL,45
FL,40
FL,45
FL,40
FL,40
FL,40
FL,45
FL,40
FL,35
FL,40
FL,90
FL,37
FL,40
FL,35
FL,40
FL,40
FL,40
FL,40
FL,30
FL,40
FL,40
FL,38
FL,35
FL,40
FL,50
FL,9
FL,40
FL,22
FL,40
FL,40
FL,40
FL,40
FL,40
FL,45
FL,40
FL,40
FL,35
FL,40
FL,40
FL,55
FL,16
FL,40
FL,50
FL,40
FL,55
FL,40
FL,60
FL,40
FL,40
FL,40
FL,40
FL,40
FL,50
FL,45
FL,20
FL,40
FL,30
FL,10
FL,40
FL,40
FL,40
FL,40
FL,30
FL,40
FL,40
FL,40
FL,45
FL,30
FL,32
FL,40
FL,60
FL,40
FL,44
FL,30
FL,32
FL,15
FL,45
FL,40
FL,40
FL,40
FL,40
FL,40
FL,40
FL,40
FL,40
FL,40
FL,50
FL,40
FL,40
FL,40
FL,40
FL,20
FL,15
FL,25
FL,40
FL,40
FL,40
FL,40
FL,40
FL,30
FL,40
FL,40
FL,50
FL,50
FL,40
FL,40
FL,40
FL,40
FL,40
FL,40
FL,40
FL,40
FL,40
FL,40
FL,40
FL,40
FL,40
FL,30
FL,10
HI,60
HI,40
HI,40
HI,40
HI,40
HI,33
HI,40
HI,19
HI,40
HI,32
HI,40
HI,35
HI,40
HI,40
HI,40
HI,40
HI,24
HI,40
HI,35
HI,40
HI,80
HI,40
HI,35
HI,40
HI,40
HI,40
HI,40
HI,40
HI,35
HI,40
HI,40
HI,80
HI,20
HI,40
HI,40
HI,30
HI,40
HI,40
HI,40
HI,40
HI,40
HI,45
HI,40
HI,40
HI,40
HI,30
HI,48
HI,25
HI,32
HI,10
HI,30
HI,30
HI,40
HI,20
HI,40
HI,40
HI,40
HI,25
HI,40
NV,40
NV,40
NV,37
NV,12
NV,40
NV,40
NV,40
NV,50
NV,30
NV,40
NV,40
NV,40
NV,60
NV,45
NV,25
NV,30
NV,50
NV,40
NV,40
NV,40
NV,40
NV,58
NV,40
NV,40
NV,40
NV,15
NV,50
NV,40
NV,40
NV,40
NV,19
NV,40
NV,40
NV,40
NV,55
NV,40
NV,40
NV,40
NV,47
NV,40
NV,40
NV,40
NV,32
NV,36
NV,40
NV,40
NV,40
NV,40
NV,40
NV,30
NV,40
NV,40
NV,55
NV,40
NV,40
NV,25
NV,20
NV,25
NV,40
NV,40
NV,40
NV,35
NV,40
NV,40
NV,40
NV,30
NV,40
NV,40
NV,45
NV,40
NV,65
NV,40
NV,40
NV,40
NV,35
NV,40
AK,40
AK,40
AK,40
AK,60
AK,15
AK,55
AK,40
AK,70
AK,40
AK,40
AK,8
AK,40
AK,40
AK,40
AK,45
AK,40
AK,72
AK,40
AK,44
AK,40
AK,40
AK,20
AK,20
AK,40
AK,40
AK,40
AK,40
AK,65
AK,40
AK,40
AK,40
AK,40
AK,40
AK,40
AK,24
AK,30
AK,40
AK,84
AK,25
AK,45
AK,36
AK,40
AK,15
AK,35
AK,30
AK,10
AK,45
AK,45
AK,40
AK,60
CA,40
CA,40
CA,40
CA,15
CA,40
CA,50
CA,40
CA,27
CA,20
CA,30
CA,60
CA,35
CA,40
CA,32
CA,40
CA,40
CA,40
CA,40
CA,20
CA,40
CA,15
CA,60
CA,65
CA,40
CA,40
CA,40
CA,30
CA,40
CA,50
CA,40
CA,40
CA,40
CA,40
CA,40
CA,40
CA,40
CA,40
CA,25
CA,32
CA,40
CA,25
CA,40
CA,45
CA,40
CA,40
CA,18
CA,20
CA,40
CA,40
CA,16
CA,20
CA,60
CA,54
CA,40
CA,40
CA,40
CA,40
CA,32
CA,40
CA,40
CA,40
CA,40
CA,40
CA,40
CA,30
CA,40
CA,20
CA,40
CA,40
CA,40
CA,40
CA,40
CA,40
CA,40
CA,40
CA,40
CA,42
CA,42
CA,40
CA,35
CA,40
CA,40
CA,40
CA,40
CA,40
CA,50
CA,40
CA,40
CA,45
CA,40
CA,40
CA,20
CA,35
CA,40
CA,40
CA,40
CA,40
CA,40
CA,15
CA,40
CA,40
CA,40
CA,40
CA,40
CA,40
CA,40
CA,40
CA,40
CA,30
CA,40
CA,40
CA,20
CA,40
CA,32
CA,40
CA,40
CA,21
CA,40
CA,40
CA,40
CA,40
CA,40
CA,40
CA,40
CA,4
CA,20
CA,60
CA,40
CA,40
CA,15
CA,12
CA,40
CA,40
CA,40
CA,30
CA,40
CA,40
CA,40
CA,40
CA,21
CA,40
CA,40
CA,40
CA,40
CA,40
CA,40
CA,40
CA,36
CA,60
CA,40
CA,40
CA,40
CA,40
CA,40
CA,40
CA,40
CA,40
CA,50
CA,40
CA,40
CA,60
CA,40
CA,40
CA,40
CA,40
CA,30
CA,26
CA,36
CA,40
CA,40
CA,55
CA,40
CA,30
CA,40
CA,40
CA,40
CA,34
CA,40
CA,30
CA,40
CA,40
CA,40
CA,40
CA,40
CA,40
CA,60
CA,40
CA,40
CA,40
CA,50
CA,50
CA,40
CA,40
CA,40
CA,40
CA,50
CA,40
CA,40
CA,32
CA,60
CA,60
CA,60
CA,50
CA,50
CA,40
CA,40
CA,40
CA,10
CA,48
CA,40
CA,40
CA,46
CA,48
CA,40
CA,10
CA,50
CA,40
CA,40
CA,13
CA,40
CA,40
CA,40
CA,40
CA,20
CA,40
CA,40
CA,40
CA,12
CA,40
CA,40
CA,40
CA,40
CA,37
CA,40
CA,40
CA,40
CA,40
CA,30
CA,40
CA,40
CA,20
CA,10
CA,40
CA,35
CA,20
CA,40
CA,40
CA,36
CA,40
CA,40
CA,40
CA,40
CA,30
CA,35
CA,50
CA,30
CA,40
CA,40
CA,40
CA,40
CA,40
CA,40
CA,5
CA,50
CA,40
CA,40
CA,40
CA,40
CA,40
CA,40
CA,40
CA,40
CA,20
CA,25
CA,40
CA,40
CA,50
CA,40
CA,40
CA,40
CA,22
CA,24
CA,50
CA,35
CA,25
CA,40
CA,40
CA,50
CA,40
CA,40
CA,23
CA,40
CA,40
CA,40
CA,32
CA,40
CA,35
CA,40
CA,50
CA,45
CA,40
CA,40
CA,30
CA,40
CA,40
CA,60
CA,40
CA,40
CA,40
CA,20
CA,40
CA,40
CA,35
CA,40
CA,40
CA,40
CA,42
CA,45
CA,40
CA,40
CA,40
CA,40
CA,40
CA,40
CA,40
CA,30
CA,50
CA,40
CA,50
CA,40
CA,40
CA,35
CA,35
CA,45
CA,40
CA,50
CA,40
CA,40
CA,40
CA,40
CA,40
CA,40
CA,40
CA,40
CA,16
CA,40
CA,40
CA,40
CA,60
CA,32
CA,40
CA,40
CA,40
CA,40
CA,40
CA,35
CA,35
CA,13
CA,40
CA,50
CA,40
CA,40
CA,40
CA,40
CA,35
CA,50
CA,40
CA,40
CA,40
CA,22
CA,40
CA,40
CA,40
CA,40
FL,30
FL,60
FL,40
FL,40
FL,25
FL,40
FL,60
FL,20
FL,40
FL,40
FL,40
FL,40
FL,40
FL,40
FL,40
FL,40
FL,20
FL,24
FL,20
FL,40
FL,40
FL,50
FL,40
FL,40
FL,40
FL,15
FL,36
FL,40
FL,50
FL,45
FL,40
FL,40
FL,4
FL,40
FL,40
FL,48
FL,40
FL,1
FL,30
FL,40
FL,35
FL,40
FL,75
FL,40
FL,40
FL,40
FL,40
FL,20
FL,30
FL,25
FL,30
FL,40
FL,40
FL,40
FL,40
FL,36
FL,40
FL,40
FL,10
FL,40
FL,40
FL,20
FL,36
FL,50
FL,40
FL,40
FL,50
FL,45
FL,80
FL,40
FL,25
FL,40
FL,40
FL,40
FL,40
FL,40
FL,40
FL,40
FL,40
FL,40
FL,40
FL,40
FL,24
FL,60
FL,40
FL,40
FL,40
FL,40
FL,40
FL,20
FL,40
FL,40
FL,40
FL,40
FL,40
FL,40
FL,40
FL,40
FL,60
FL,40
FL,40
FL,40
FL,40
FL,70
FL,40
FL,40
FL,40
FL,55
FL,40
FL,15
FL,25
FL,20
FL,30
FL,40
FL,40
FL,40
FL,40
FL,40
FL,40
FL,40
FL,45
FL,35
FL,40
FL,40
FL,40
FL,40
FL,15
FL,35
FL,40
FL,30
FL,50
FL,20
FL,40
FL,40
FL,50
FL,40
FL,45
FL,40
FL,40
FL,40
FL,40
FL,40
FL,50
FL,35
FL,60
FL,50
FL,50
FL,50
FL,30
FL,40
FL,40
FL,40
FL,50
FL,40
FL,40
FL,40
FL,40
FL,40
FL,28
FL,40
FL,35
FL,40
FL,40
FL,70
FL,40
FL,50
FL,25
FL,10
FL,40
FL,18
FL,40
FL,40
FL,40
FL,36
FL,20
FL,40
FL,40
FL,40
FL,40
FL,40
FL,40
FL,60
FL,40
FL,40
FL,55
FL,40
FL,55
FL,50
FL,25
FL,15
FL,45
FL,40
FL,40
FL,50
FL,40
FL,18
FL,40
FL,40
FL,40
FL,40
FL,40
FL,40
FL,40
FL,40
FL,40
FL,40
FL,30
FL,40
FL,40
FL,35
FL,40
FL,40
FL,40
FL,40
FL,20
FL,50
FL,40
FL,45
FL,8
FL,40
HI,40
HI,40
HI,24
HI,30
HI,40
HI,30
HI,40
HI,35
HI,40
HI,40
HI,40
HI,40
HI,32
HI,40
HI,40
HI,40
HI,40
HI,40
HI,40
HI,40
HI,40
HI,40
HI,40
HI,40
HI,17
HI,40
HI,40
HI,40
HI,40
HI,20
HI,60
HI,40
HI,40
HI,40
HI,40
HI,40
HI,40
HI,36
HI,32
HI,40
HI,40
HI,40
HI,40
HI,40
HI,40
HI,40
HI,40
HI,40
HI,24
NV,32
NV,40
NV,40
NV,40
NV,40
NV,40
NV,40
NV,40
NV,40
NV,40
NV,40
NV,40
NV,40
NV,40
NV,30
NV,30
NV,40
NV,40
NV,20
NV,45
NV,40
NV,40
NV,40
NV,36
NV,40
NV,40
NV,40
NV,40
NV,40
NV,40
NV,40
NV,35
NV,40
NV,40
NV,40
NV,40
NV,40
NV,40
NV,40
NV,35
NV,55
NV,40
NV,32
NV,40
NV,32
NV,40
NV,40
NV,25
NV,40
AK,50
AK,50
AK,25
AK,52
AK,30
AK,40
AK,40
AK,40
AK,45
AK,84
AK,40
AK,55
AK,40
AK,40
AK,40
AK,40
AK,20
AK,40
AK,40
AK,80
AK,80
AK,55
AK,50
AK,30
AK,40
AK,50
AK,38
AK,40
AK,40
AK,46
AK,40
AK,37
AK,40
AK,40
AK,40
AK,40
AK,40
AK,40
AK,40
AK,40
AK,40
AK,38
AK,30
AK,50
AK,40
AK,40
AK,40
AK,32
AK,40
AK,40
AK,50
AK,20
AK,40
AK,48
AK,40
AK,48
AK,10
AK,40
AK,40
AK,20
AK,40
AK,40
CA,40
CA,50
CA,40
CA,15
CA,40
CA,60
CA,40
CA,15
CA,32
CA,40
CA,50
CA,45
CA,99
CA,40
CA,40
CA,40
CA,40
CA,40
CA,40
CA,50
CA,18
CA,40
CA,40
CA,40
CA,20
CA,40
CA,40
CA,40
CA,40
CA,36
CA,32
CA,40
CA,40
CA,40
CA,40
CA,40
CA,40
CA,55
CA,40
CA,40
CA,40
CA,24
CA,32
CA,40
CA,50
CA,40
CA,40
CA,40
CA,40
CA,40
CA,25
CA,40
CA,40
CA,32
CA,40
CA,25
CA,30
CA,55
CA,40
CA,40
CA,5
CA,40
CA,40
CA,40
CA,40
CA,40
CA,40
CA,40
CA,40
CA,40
CA,40
CA,60
CA,60
CA,40
CA,30
CA,60
CA,40
CA,40
CA,40
CA,40
CA,8
CA,40
CA,40
CA,16
CA,40
CA,46
CA,48
CA,40
CA,40
CA,55
CA,40
CA,40
CA,40
CA,40
CA,40
CA,50
CA,56
CA,40
CA,40
CA,40
CA,55
CA,40
CA,40
CA,45
CA,50
CA,40
CA,40
CA,40
CA,32
CA,40
CA,35
CA,50
CA,40
CA,40
CA,70
CA,40
CA,40
CA,40
CA,45
CA,50
CA,40
CA,30
CA,40
CA,18
CA,30
CA,30
CA,40
CA,25
CA,40
CA,36
CA,30
CA,45
CA,40
CA,40
CA,35
CA,40
CA,40
CA,24
CA,8
CA,30
CA,40
CA,40
CA,40
CA,40
CA,50
CA,40
CA,40
CA,40
CA,40
CA,30
CA,60
CA,40
CA,40
CA,40
CA,24
CA,40
CA,40
CA,40
CA,40
CA,25
CA,50
CA,20
CA,40
CA,50
CA,40
CA,15
CA,40
CA,40
CA,40
CA,45
CA,50
CA,50
CA,40
CA,35
CA,40
CA,40
CA,40
CA,40
CA,30
CA,40
CA,50
CA,40
CA,40
CA,40
CA,20
CA,40
CA,40
CA,50
CA,40
CA,40
CA,20
CA,40
CA,40
CA,40
CA,40
CA,25
CA,40
CA,40
CA,40
CA,35
CA,40
CA,40
CA,40
CA,40
CA,15
CA,40
CA,33
CA,40
CA,40
CA,40
CA,15
CA,40
CA,40
CA,20
CA,7
CA,40
CA,32
CA,40
CA,38
CA,40
CA,40
CA,40
CA,27
CA,40
CA,40
CA,32
CA,40
CA,35
CA,50
CA,40
CA,27
CA,40
CA,10
CA,40
CA,40
CA,42
CA,24
CA,40
CA,40
CA,40
CA,3
CA,40
CA,40
CA,12
CA,18
CA,50
CA,50
CA,35
CA,8
CA,30
CA,40
CA,40
CA,40
CA,40
CA,40
CA,40
CA,28
CA,40
CA,20
CA,30
CA,40
CA,40
CA,40
CA,32
CA,40
CA,40
CA,40
CA,36
CA,40
CA,40
CA,25
CA,40
CA,24
CA,36
CA,40
CA,40
CA,40
CA,40
CA,40
CA,40
CA,40
CA,40
CA,40
CA,40
CA,40
CA,40
CA,40
CA,36
CA,40
CA,12
CA,40
CA,40
CA,40
CA,40
CA,40
CA,40
CA,40
CA,40
CA,35
CA,40
CA,40
CA,40
CA,20
CA,40
CA,40
CA,13
CA,40
CA,40
CA,40
CA,40
CA,40
CA,40
CA,40
CA,40
CA,40
CA,40
CA,40
CA,40
CA,40
CA,40
CA,32
CA,40
CA,50
CA,55
CA,40
CA,30
CA,40
CA,40
CA,20
CA,30
CA,50
CA,40
CA,20
CA,40
CA,55
CA,40
CA,50
CA,40
CA,40
CA,40
CA,40
CA,30
CA,40
CA,40
CA,40
CA,35
CA,40
CA,65
CA,46
CA,40
CA,40
FL,25
FL,30
FL,40
FL,40
FL,40
FL,40
FL,20
FL,40
FL,40
FL,20
FL,40
FL,40
FL,40
FL,70
FL,45
FL,40
FL,50
FL,40
FL,30
FL,40
FL,50
FL,80
FL,50
FL,40
FL,40
FL,40
FL,40
FL,40
FL,70
FL,40
FL,40
FL,20
FL,50
FL,40
FL,40
FL,40
FL,50
FL,10
FL,10
FL,10
FL,20
FL,40
FL,40
FL,40
FL,40
FL,40
FL,55
FL,40
FL,45
FL,40
FL,80
FL,32
FL,45
FL,40
FL,40
FL,40
FL,40
FL,40
FL,40
FL,50
FL,40
FL,40
FL,30
FL,20
FL,50
FL,40
FL,40
FL,40
FL,40
FL,25
FL,40
FL,40
FL,60
FL,30
FL,55
FL,28
FL,10
FL,40
FL,40
FL,50
FL,50
FL,40
FL,45
FL,40
FL,40
FL,75
FL,60
FL,50
FL,50
FL,40
FL,40
FL,40
FL,40
FL,40
FL,40
FL,40
FL,45
FL,40
FL,5
FL,50
FL,20
FL,20
FL,40
FL,40
FL,40
FL,40
FL,40
FL,40
FL,40
FL,20
FL,40
FL,40
FL,40
FL,36
FL,40
FL,28
FL,48
FL,40
FL,40
FL,40
FL,40
FL,40
FL,25
FL,50
FL,40
FL,40
FL,44
FL,40
FL,20
FL,30
FL,40
FL,35
FL,50
FL,40
FL,40
FL,40
FL,40
FL,40
FL,40
FL,40
FL,25
FL,40
FL,40
FL,40
FL,45
FL,35
FL,40
FL,25
FL,40
FL,40
FL,40
FL,40
FL,50
FL,24
FL,40
FL,40
FL,40
FL,50
FL,84
FL,40
FL,40
FL,40
FL,25
FL,40
FL,40
FL,40
FL,48
FL,65
FL,55
FL,30
FL,25
FL,40
FL,50
FL,60
FL,40
FL,40
FL,40
FL,40
FL,55
FL,17
FL,24
FL,30
FL,70
FL,45
FL,36
FL,40
FL,40
FL,45
FL,40
FL,40
FL,60
FL,99
FL,50
FL,25
FL,25
FL,40
FL,40
FL,40
FL,40
FL,40
FL,55
FL,50
FL,50
FL,30
FL,45
FL,40
FL,40
HI,40
HI,40
HI,40
HI,40
HI,40
HI,40
HI,40
HI,28
HI,44
HI,40
HI,40
HI,40
HI,40
HI,40
HI,40
HI,15
HI,30
HI,40
HI,40
HI,40
HI,36
HI,40
HI,20
HI,40
HI,40
HI,20
HI,55
HI,40
HI,40
HI,25
HI,32
HI,30
HI,35
HI,40
HI,40
HI,40
HI,40
HI,60
HI,40
HI,60
HI,40
HI,40
HI,30
HI,16
HI,15
HI,40
HI,40
HI,16
HI,12
NV,40
NV,40
NV,65
NV,45
NV,40
NV,40
NV,10
NV,45
NV,40
NV,35
NV,25
NV,40
NV,30
NV,40
NV,40
NV,40
NV,40
NV,52
NV,40
NV,40
NV,40
NV,40
NV,40
NV,30
NV,40
NV,50
NV,40
NV,40
NV,40
NV,40
NV,40
NV,40
NV,40
NV,40
NV,40
NV,40
NV,50
NV,50
NV,40
NV,40
NV,40
NV,40
NV,40
NV,45
NV,40
NV,45
NV,40
NV,40
NV,25
NV,40
NV,40
NV,70
NV,30
NV,50
NV,40
NV,40
NV,60
NV,40
NV,40
NV,40
NV,99
NV,40
NV,40
NV,36
NV,50
NV,36
NV,40
NV,40
NV,40
NV,40
NV,40
NV,40
NV,40
NV,40
NV,36
NV,40
NV,30
NV,29
NV,40
NV,40
NV,40
NV,40
NV,40
AK,60
AK,40
AK,15
AK,40
AK,36
AK,35
AK,30
AK,40
AK,40
AK,40
AK,16
AK,40
AK,40
AK,40
AK,40
AK,24
AK,60
AK,40
AK,40
AK,40
AK,40
AK,40
AK,60
AK,40
AK,20
AK,40
AK,40
AK,40
AK,60
AK,84
AK,84
AK,15
AK,40
AK,40
AK,40
AK,50
AK,40
AK,40
AK,20
AK,40
CA,40
CA,40
CA,40
CA,32
CA,26
CA,40
CA,40
CA,30
CA,40
CA,40
CA,40
CA,24
CA,45
CA,40
CA,40
CA,40
CA,15
CA,18
CA,5
CA,40
CA,40
CA,40
CA,40
CA,40
CA,17
CA,25
CA,40
CA,40
CA,8
CA,40
CA,40
CA,40
CA,20
CA,40
CA,50
CA,50
CA,20
CA,32
CA,50
CA,40
CA,60
CA,40
CA,36
CA,33
CA,35
CA,40
CA,40
CA,40
CA,40
CA,30
CA,30
CA,40
CA,40
CA,35
CA,40
CA,30
CA,40
CA,32
CA,40
CA,40
CA,40
CA,40
CA,40
CA,40
CA,30
CA,40
CA,40
CA,40
CA,40
CA,72
CA,40
CA,40
CA,40
CA,20
CA,40
CA,40
CA,40
CA,40
CA,40
CA,40
CA,40
CA,40
CA,20
CA,48
CA,40
CA,40
CA,40
CA,40
CA,40
CA,40
CA,40
CA,30
CA,50
CA,35
CA,99
CA,40
CA,44
CA,48
CA,23
CA,40
CA,35
CA,40
CA,40
CA,40
CA,40
CA,40
CA,40
CA,20
CA,36
CA,40
CA,40
CA,40
CA,32
CA,32
CA,40
CA,45
CA,45
CA,30
CA,40
CA,43
CA,35
CA,40
CA,40
CA,32
CA,40
CA,50
CA,36
CA,55
CA,40
CA,60
CA,45
CA,32
CA,40
CA,50
CA,50
CA,70
CA,70
CA,40
CA,30
CA,40
CA,40
CA,20
CA,48
CA,40
CA,40
CA,40
CA,15
CA,45
CA,20
CA,40
CA,40
CA,30
CA,40
CA,45
CA,40
CA,40
CA,40
CA,40
CA,20
CA,4
CA,15
CA,65
CA,40
CA,40
CA,50
CA,40
CA,40
CA,40
CA,20
CA,40
CA,40
CA,40
CA,40
CA,55
CA,30
CA,40
CA,40
CA,40
CA,40
CA,40
CA,40
CA,40
CA,40
CA,17
CA,40
CA,29
CA,40
CA,30
CA,38
CA,40
CA,40
CA,40
CA,40
CA,25
CA,60
CA,50
CA,36
CA,40
CA,40
CA,32
CA,40
CA,50
CA,40
CA,40
CA,20
CA,25
CA,40
CA,21
CA,20
CA,40
CA,40
CA,18
CA,40
CA,40
CA,48
CA,40
CA,16
CA,40
CA,15
CA,20
CA,6
CA,6
CA,40
CA,60
CA,40
CA,40
CA,40
CA,30
CA,30
CA,35
CA,40
CA,20
CA,40
CA,50
CA,40
CA,40
CA,40
CA,40
CA,40
CA,45
CA,18
CA,40
CA,40
CA,25
CA,40
CA,40
CA,40
CA,40
CA,45
CA,45
CA,40
CA,40
CA,40
CA,40
CA,80
CA,70
CA,40
CA,40
CA,15
CA,40
CA,45
CA,40
CA,40
CA,40
CA,50
CA,50
CA,32
CA,40
CA,50
CA,40
CA,40
CA,40
CA,49
CA,55
CA,55
CA,40
CA,40
CA,50
CA,40
CA,40
CA,40
CA,40
CA,40
CA,40
CA,40
CA,40
CA,50
CA,40
CA,32
CA,40
CA,40
CA,40
CA,40
CA,40
CA,40
CA,40
CA,50
CA,40
CA,26
CA,40
CA,40
CA,40
CA,40
CA,40
CA,40
CA,40
CA,50
CA,50
CA,40
CA,50
CA,40
CA,40
CA,40
CA,25
CA,40
CA,40
CA,40
CA,40
CA,40
CA,45
CA,30
CA,20
CA,40
CA,40
CA,8
CA,50
CA,40
CA,40
CA,40
CA,24
CA,40
CA,16
CA,40
CA,10
CA,40
CA,55
CA,40
CA,40
CA,52
CA,40
CA,35
CA,40
CA,40
CA,36
CA,4
CA,45
CA,40
CA,60
CA,60
CA,3
FL,30
FL,12
FL,45
FL,36
FL,40
FL,60
FL,50
FL,50
FL,32
FL,25
FL,40
FL,65
FL,61
FL,28
FL,45
FL,16
FL,40
FL,40
FL,40
FL,40
FL,60
FL,40
FL,40
FL,30
FL,36
FL,20
FL,45
FL,25
FL,50
FL,30
FL,40
FL,30
FL,30
FL,50
FL,40
FL,45
FL,30
FL,40
FL,35
FL,40
FL,30
FL,40
FL,36
FL,40
FL,40
FL,40
FL,40
FL,40
FL,40
FL,40
FL,40
FL,40
FL,55
FL,48
FL,20
FL,6
FL,32
FL,32
FL,40
FL,40
FL,40
FL,40
FL,40
FL,45
FL,30
FL,37
FL,40
FL,40
FL,70
FL,40
FL,30
FL,40
FL,40
FL,35
FL,40
FL,60
FL,40
FL,40
FL,40
FL,40
FL,40
FL,40
FL,35
FL,40
FL,40
FL,40
FL,20
FL,40
FL,40
FL,20
FL,60
FL,50
FL,60
FL,30
FL,40
FL,56
FL,50
FL,40
FL,40
FL,30
FL,40
FL,40
FL,60
FL,30
FL,40
FL,56
FL,40
FL,40
FL,35
FL,40
FL,50
FL,40
FL,40
FL,40
FL,40
FL,40
FL,35
FL,45
FL,40
FL,40
FL,35
FL,40
FL,50
FL,40
FL,40
FL,40
FL,40
FL,40
FL,60
FL,50
FL,36
FL,40
FL,40
FL,40
FL,48
FL,40
FL,45
FL,20
FL,40
FL,40
FL,45
FL,40
FL,40
FL,40
FL,30
FL,40
FL,30
FL,40
FL,10
FL,40
FL,80
FL,40
FL,40
FL,40
FL,40
FL,40
FL,40
FL,40
FL,40
FL,40
FL,40
FL,10
FL,40
FL,40
FL,10
FL,10
FL,5
FL,40
FL,15
FL,15
FL,40
FL,40
FL,40
FL,40
FL,50
FL,45
FL,36
FL,16
FL,50
FL,40
FL,40
FL,40
FL,40
FL,30
FL,45
FL,40
FL,20
FL,30
FL,40
FL,40
FL,15
FL,40
FL,40
FL,40
FL,40
FL,40
FL,40
FL,40
FL,40
FL,40
FL,65
FL,55
FL,40
FL,40
FL,20
FL,4
FL,48
FL,25
FL,40
FL,45
FL,45
FL,45
FL,45
FL,40
FL,35
FL,40
FL,40
FL,20
FL,44
FL,8
FL,40
FL,4
FL,40
FL,20
FL,40
FL,40
FL,70
FL,60
FL,35
FL,40
FL,40
FL,40
FL,40
FL,40
FL,21
FL,40
FL,15
FL,40
FL,25
FL,42
FL,45
FL,45
FL,15
FL,55
FL,40
FL,40
FL,36
FL,8
FL,40
HI,40
HI,40
HI,30
HI,40
HI,19
HI,38
HI,35
HI,40
HI,36
HI,36
HI,40
HI,40
HI,40
HI,32
HI,32
HI,40
HI,40
HI,20
HI,45
HI,40
HI,40
HI,40
HI,40
HI,40
HI,50
HI,35
HI,40
HI,40
HI,40
HI,40
HI,16
HI,40
HI,40
HI,20
HI,40
HI,40
HI,40
HI,50
HI,40
HI,40
HI,40
HI,25
HI,40
HI,50
HI,40
HI,30
HI,36
HI,24
HI,40
NV,44
NV,40
NV,40
NV,40
NV,40
NV,40
NV,40
NV,40
NV,40
NV,50
NV,20
NV,40
NV,50
NV,25
NV,36
NV,32
NV,20
NV,36
NV,55
NV,60
NV,40
NV,50
NV,28
NV,55
NV,40
NV,38
NV,40
NV,40
NV,40
NV,30
NV,40
NV,40
NV,40
NV,35
NV,45
NV,50
NV,63
NV,38
NV,50
NV,37
NV,40
NV,40
NV,32
NV,16
NV,38
NV,38
NV,40
NV,40
NV,40
AK,56
AK,40
AK,40
AK,20
AK,40
AK,40
AK,20
AK,40
AK,40
AK,40
AK,45
AK,38
AK,20
AK,50
AK,40
AK,40
AK,40
AK,40
AK,40
AK,20
AK,40
AK,40
AK,20
AK,50
AK,40
AK,36
AK,40
AK,40
AK,40
AK,40
AK,40
AK,40
AK,80
AK,50
AK,40
AK,42
AK,40
AK,36
AK,40
AK,40
AK,45
AK,40
AK,40
AK,50
AK,60
AK,40
AK,40
AK,40
AK,40
AK,40
AK,40
AK,15
AK,40
CA,55
CA,40
CA,40
CA,40
CA,30
CA,10
CA,8
CA,40
CA,34
CA,40
CA,35
CA,40
CA,48
CA,40
CA,30
CA,50
CA,40
CA,10
CA,20
CA,40
CA,25
CA,30
CA,40
CA,40
CA,40
CA,40
CA,12
CA,40
CA,40
CA,40
CA,40
CA,5
CA,40
CA,40
CA,40
CA,40
CA,40
CA,40
CA,40
CA,40
CA,40
CA,20
CA,50
CA,36
CA,40
CA,55
CA,37
CA,41
CA,40
CA,40
CA,40
CA,30
CA,40
CA,6
CA,40
CA,40
CA,45
CA,30
CA,40
CA,32
CA,40
CA,35
CA,40
CA,36
CA,40
CA,5
CA,25
CA,40
CA,40
CA,30
CA,20
CA,40
CA,40
CA,40
CA,40
CA,50
CA,40
CA,40
CA,40
CA,25
CA,40
CA,40
CA,37
CA,36
CA,36
CA,40
CA,20
CA,30
CA,60
CA,40
CA,20
CA,40
CA,40
CA,40
CA,40
CA,40
CA,35
CA,35
CA,20
CA,40
CA,25
CA,50
CA,32
CA,12
CA,40
CA,40
CA,40
CA,50
CA,40
CA,20
CA,40
CA,40
CA,40
CA,40
CA,40
CA,45
CA,40
CA,40
CA,40
CA,30
CA,40
CA,24
CA,40
CA,40
CA,40
CA,40
CA,40
CA,40
CA,60
CA,15
CA,36
CA,40
CA,40
CA,40
CA,40
CA,40
CA,40
CA,40
CA,40
CA,40
CA,32
CA,40
CA,32
CA,40
CA,40
CA,40
CA,40
CA,40
CA,40
CA,40
CA,30
CA,30
CA,40
CA,40
CA,20
CA,40
CA,40
CA,40
CA,40
CA,40
CA,40
CA,40
CA,40
CA,40
CA,10
CA,40
CA,40
CA,40
CA,60
CA,50
CA,40
CA,40
CA,40
CA,96
CA,60
CA,40
CA,25
CA,40
CA,40
CA,60
CA,40
CA,40
CA,40
CA,38
CA,4
CA,40
CA,40
CA,40
CA,15
CA,40
CA,43
CA,55
CA,32
CA,60
CA,40
CA,40
CA,48
CA,24
CA,40
CA,40
CA,35
CA,40
CA,30
CA,40
CA,40
CA,20
CA,20
CA,40
CA,40
CA,45
CA,32
CA,40
CA,40
CA,40
CA,40
CA,40
CA,40
CA,30
CA,30
CA,35
CA,40
CA,40
CA,60
CA,40
CA,40
CA,40
CA,40
CA,40
CA,40
CA,40
CA,40
CA,40
CA,50
CA,30
CA,40
CA,40
CA,40
CA,40
CA,40
CA,40
CA,40
CA,40
CA,40
CA,40
CA,40
CA,40
CA,40
CA,40
CA,40
CA,40
CA,24
CA,35
CA,32
CA,20
CA,40
CA,40
CA,40
CA,40
CA,50
CA,50
CA,25
CA,40
CA,40
CA,40
CA,15
CA,60
CA,32
CA,36
CA,40
CA,40
CA,40
CA,40
CA,25
CA,40
CA,40
CA,40
CA,20
CA,40
CA,40
CA,50
CA,40
CA,40
CA,40
CA,50
CA,25
CA,40
CA,50
CA,40
CA,40
CA,40
CA,55
CA,16
CA,40
CA,40
CA,40
CA,40
CA,40
CA,40
CA,37
CA,40
CA,40
CA,40
CA,40
CA,40
CA,40
CA,40
CA,40
CA,40
CA,40
CA,40
CA,40
CA,40
CA,40
CA,40
CA,40
CA,30
CA,45
CA,45
CA,45
CA,40
CA,40
CA,40
CA,40
CA,65
CA,65
CA,53
CA,30
CA,50
CA,40
CA,40
CA,40
CA,45
CA,40
CA,30
CA,20
CA,30
CA,32
CA,40
CA,45
CA,50
CA,40
CA,32
CA,60
CA,40
CA,48
CA,60
CA,2
CA,4
CA,40
CA,16
CA,40
CA,40
CA,50
CA,40
CA,15
CA,20
CA,30
CA,40
CA,40
CA,40
CA,40
CA,40
CA,40
CA,40
CA,40
CA,40
CA,40
CA,40
CA,36
CA,40
CA,40
CA,40
CA,50
CA,36
CA,40
CA,40
CA,40
CA,55
CA,55
CA,40
CA,40
CA,40
CA,40
CA,40
CA,40
CA,20
FL,24
FL,18
FL,40
FL,40
FL,22
FL,55
FL,16
FL,3
FL,30
FL,45
FL,50
FL,50
FL,35
FL,40
FL,30
FL,30
FL,50
FL,50
FL,48
FL,20
FL,40
FL,40
FL,25
FL,40
FL,60
FL,40
FL,45
FL,50
FL,30
FL,8
FL,40
FL,36
FL,40
FL,60
FL,40
FL,40
FL,40
FL,35
FL,8
FL,40
FL,40
FL,32
FL,40
FL,40
FL,50
FL,35
FL,35
FL,40
FL,40
FL,35
FL,24
FL,34
FL,45
FL,40
FL,60
FL,16
FL,24
FL,24
FL,25
FL,20
FL,55
FL,40
FL,55
FL,60
FL,40
FL,40
FL,40
FL,40
FL,40
FL,40
FL,40
FL,40
FL,35
FL,40
FL,70
FL,40
FL,40
FL,40
FL,40
FL,20
FL,40
FL,40
FL,20
FL,40
FL,40
FL,50
FL,40
FL,20
FL,40
FL,40
FL,40
FL,35
FL,35
FL,40
FL,40
FL,40
FL,40
FL,40
FL,40
FL,40
FL,60
FL,40
FL,40
FL,40
FL,40
FL,20
FL,40
FL,40
FL,10
FL,40
FL,40
FL,30
FL,36
FL,40
FL,40
FL,40
FL,40
FL,35
FL,40
FL,40
FL,40
FL,40
FL,37
FL,35
FL,40
FL,35
FL,40
FL,12
FL,40
FL,40
FL,40
FL,40
FL,40
FL,40
FL,20
FL,40
FL,40
FL,40
FL,40
FL,30
FL,20
FL,27
FL,40
FL,50
FL,50
FL,35
FL,10
FL,42
FL,40
FL,50
FL,35
FL,40
FL,40
FL,32
FL,40
FL,36
FL,20
FL,14
FL,20
FL,40
FL,52
FL,50
FL,45
FL,50
FL,40
FL,40
FL,30
FL,30
FL,40
FL,40
FL,45
FL,40
FL,50
FL,50
FL,20
FL,40
FL,24
FL,42
FL,40
FL,40
FL,43
FL,45
FL,36
FL,38
FL,45
FL,40
FL,40
FL,40
FL,15
FL,40
FL,40
FL,40
FL,40
FL,50
HI,40
HI,25
HI,10
HI,45
HI,40
HI,45
HI,40
HI,40
HI,40
HI,35
HI,40
HI,40
HI,40
HI,40
HI,50
HI,20
HI,40
HI,40
HI,40
HI,40
HI,40
HI,40
HI,40
HI,40
HI,40
HI,40
HI,20
HI,40
HI,30
HI,50
HI,31
HI,40
HI,20
HI,20
HI,50
HI,40
HI,50
HI,40
HI,40
HI,25
HI,40
HI,40
HI,40
HI,40
HI,40
HI,20
HI,31
HI,24
HI,40
HI,24
HI,45
NV,30
NV,65
NV,40
NV,35
NV,70
NV,40
NV,48
NV,40
NV,40
NV,40
NV,60
NV,40
NV,40
NV,40
NV,30
NV,38
NV,40
NV,40
NV,40
NV,24
NV,40
NV,40
NV,40
NV,99
NV,30
NV,40
NV,99
NV,40
NV,40
NV,40
NV,40
NV,40
NV,40
NV,40
NV,40
NV,40
NV,30
NV,45
NV,40
NV,40
NV,40
NV,40
NV,40
NV,40
NV,15
NV,40
NV,40
NV,60
NV,40
NV,50
NV,40
NV,50
NV,40
NV,40
NV,40
NV,40
NV,40
NV,40
NV,30
NV,40
AK,55
AK,84
AK,48
AK,40
AK,40
AK,10
AK,40
AK,30
AK,40
AK,40
AK,84
AK,40
AK,60
AK,40
AK,35
AK,24
AK,40
AK,40
AK,10
AK,42
AK,48
AK,10
AK,60
AK,75
AK,40
AK,70
AK,40
AK,42
AK,40
AK,50
AK,20
AK,8
AK,40
AK,36
AK,45
AK,25
AK,40
AK,37
AK,40
AK,40
AK,32
AK,6
AK,40
AK,40
AK,40
AK,20
AK,25
AK,12
AK,40
CA,40
CA,40
CA,25
CA,30
CA,40
CA,40
CA,40
CA,40
CA,84
CA,40
CA,25
CA,40
CA,75
CA,35
CA,40
CA,40
CA,40
CA,45
CA,40
CA,40
CA,40
CA,40
CA,48
CA,38
CA,40
CA,40
CA,40
CA,20
CA,40
CA,40
CA,40
CA,37
CA,40
CA,4
CA,7
CA,7
CA,70
CA,40
CA,20
CA,12
CA,35
CA,40
CA,40
CA,40
CA,40
CA,50
CA,50
CA,40
CA,40
CA,35
CA,40
CA,40
CA,18
CA,20
CA,20
CA,20
CA,25
CA,40
CA,40
CA,40
CA,40
CA,45
CA,40
CA,40
CA,30
CA,40
CA,40
CA,40
CA,40
CA,40
CA,40
CA,40
CA,40
CA,40
CA,40
CA,60
CA,40
CA,40
CA,40
CA,40
CA,40
CA,40
CA,49
CA,40
CA,50
CA,60
CA,25
CA,40
CA,70
CA,50
CA,30
CA,55
CA,40
CA,40
CA,40
CA,40
CA,40
CA,25
CA,40
CA,40
CA,40
CA,40
CA,45
CA,40
CA,40
CA,50
CA,40
CA,30
CA,40
CA,50
CA,50
CA,40
CA,40
CA,50
CA,25
CA,40
CA,38
CA,40
CA,40
CA,40
CA,4
CA,40
CA,40
CA,82
CA,40
CA,16
CA,40
CA,40
CA,40
CA,40
CA,40
CA,40
CA,40
CA,40
CA,38
CA,55
CA,24
CA,40
CA,40
CA,36
CA,32
CA,30
CA,45
CA,40
CA,40
CA,40
CA,40
CA,35
CA,40
CA,40
CA,40
CA,40
CA,40
CA,40
CA,40
CA,40
CA,40
CA,7
CA,30
CA,30
CA,40
CA,40
CA,15
CA,40
CA,40
CA,40
CA,40
CA,25
CA,20
CA,22
CA,18
CA,36
CA,40
CA,40
CA,15
CA,70
CA,70
CA,20
CA,40
CA,60
CA,30
CA,45
CA,45
CA,40
CA,20
CA,40
CA,50
CA,25
CA,40
CA,25
CA,60
CA,40
CA,25
CA,18
CA,40
CA,40
CA,40
CA,8
CA,30
CA,40
CA,40
CA,40
CA,40
CA,40
CA,40
CA,40
CA,50
CA,20
CA,30
CA,25
CA,40
CA,40
CA,20
CA,40
CA,50
CA,40
CA,37
CA,40
CA,12
CA,40
CA,27
CA,36
CA,25
CA,40
CA,40
CA,40
CA,40
CA,40
CA,40
CA,40
CA,40
CA,40
CA,20
CA,40
CA,40
CA,16
CA,40
CA,40
CA,40
CA,40
CA,40
CA,40
CA,29
CA,40
CA,40
CA,60
CA,40
CA,50
CA,40
CA,12
CA,40
CA,45
CA,45
CA,40
CA,40
CA,50
CA,36
CA,40
CA,50
CA,40
CA,40
CA,40
CA,40
CA,40
CA,30
CA,40
CA,40
CA,40
CA,30
CA,40
CA,40
CA,40
CA,40
CA,45
CA,15
CA,40
CA,60
CA,40
CA,40
CA,60
CA,60
CA,40
CA,40
CA,30
CA,36
CA,42
CA,45
CA,15
CA,40
CA,40
CA,40
CA,40
CA,40
CA,50
CA,40
CA,40
CA,35
CA,50
CA,40
CA,16
CA,60
CA,40
CA,40
CA,50
CA,40
CA,20
CA,50
CA,45
CA,40
CA,40
CA,40
CA,40
CA,40
CA,60
CA,40
CA,38
CA,40
CA,40
CA,40
CA,40
CA,40
CA,40
CA,45
CA,40
CA,50
CA,50
CA,40
CA,40
CA,40
CA,40
CA,30
CA,18
CA,18
CA,55
CA,45
CA,40
CA,40
CA,35
CA,40
CA,40
CA,50
CA,24
CA,40
CA,40
CA,30
CA,60
CA,40
CA,36
CA,40
CA,40
CA,40
CA,40
CA,4
CA,40
CA,40
CA,35
CA,40
CA,40
CA,30
CA,40
CA,40
CA,40
CA,40
CA,40
CA,50
CA,40
CA,50
CA,40
CA,45
CA,40
CA,20
CA,40
CA,25
CA,25
CA,25
CA,25
CA,36
CA,36
CA,40
CA,40
CA,40
CA,40
CA,50
CA,20
CA,40
CA,40
FL,40
FL,40
FL,40
FL,35
FL,30
FL,40
FL,45
FL,50
FL,27
FL,40
FL,40
FL,15
FL,36
FL,40
FL,40
FL,40
FL,40
FL,40
FL,40
FL,55
FL,40
FL,40
FL,40
FL,40
FL,50
FL,40
FL,30
FL,45
FL,40
FL,50
FL,50
FL,5
FL,40
FL,40
FL,40
FL,40
FL,40
FL,48
FL,36
FL,40
FL,40
FL,20
FL,40
FL,25
FL,40
FL,40
FL,55
FL,40
FL,40
FL,10
FL,38
FL,50
FL,40
FL,40
FL,15
FL,30
FL,40
FL,40
FL,40
FL,60
FL,40
FL,50
FL,60
FL,40
FL,47
FL,40
FL,40
FL,40
FL,40
FL,40
FL,40
FL,35
FL,45
FL,60
FL,40
FL,40
FL,40
FL,40
FL,40
FL,40
FL,20
FL,40
FL,30
FL,40
FL,10
FL,20
FL,40
FL,36
FL,60
FL,20
FL,40
FL,40
FL,40
FL,40
FL,40
FL,40
FL,24
FL,50
FL,40
FL,40
FL,40
FL,40
FL,40
FL,40
FL,40
FL,40
FL,40
FL,48
FL,20
FL,40
FL,12
FL,40
FL,50
FL,28
FL,30
FL,40
FL,40
FL,15
FL,25
FL,50
FL,10
FL,40
FL,40
FL,40
FL,40
FL,40
FL,35
FL,55
FL,40
FL,40
FL,40
FL,25
FL,40
FL,25
FL,45
FL,40
FL,40
FL,60
FL,60
FL,30
FL,40
FL,40
FL,40
FL,40
FL,55
FL,40
FL,40
FL,40
FL,30
FL,40
FL,40
FL,40
FL,40
FL,40
FL,40
FL,40
FL,40
FL,40
FL,40
FL,35
FL,45
FL,15
FL,20
FL,40
FL,60
FL,38
FL,42
FL,50
FL,40
FL,60
FL,50
FL,40
FL,40
FL,20
FL,30
FL,30
FL,40
FL,40
FL,35
FL,15
FL,50
FL,40
FL,40
FL,30
FL,40
FL,15
FL,50
FL,12
FL,24
FL,40
FL,60
FL,40
FL,40
FL,40
FL,40
FL,30
FL,5
FL,40
FL,40
FL,40
FL,40
FL,20
FL,40
FL,40
FL,40
FL,30
FL,40
FL,40
FL,42
FL,40
FL,40
FL,40
FL,50
FL,40
FL,40
FL,50
FL,25
FL,40
HI,17
HI,45
HI,40
HI,12
HI,38
HI,60
HI,16
HI,35
HI,35
HI,30
HI,40
HI,40
HI,15
HI,40
HI,40
HI,40
HI,40
HI,42
HI,40
HI,40
HI,40
HI,40
HI,40
HI,20
HI,15
HI,30
HI,30
HI,40
HI,40
HI,50
HI,40
HI,40
HI,40
HI,35
HI,30
HI,18
HI,20
HI,40
HI,40
HI,40
HI,40
HI,40
HI,25
HI,60
HI,40
HI,40
HI,40
HI,40
HI,40
HI,40
HI,50
HI,40
HI,40
HI,40
HI,60
HI,50
HI,40
HI,40
HI,40
HI,10
HI,70
HI,30
HI,40
NV,20
NV,25
NV,40
NV,40
NV,40
NV,40
NV,40
NV,40
NV,45
NV,20
NV,40
NV,40
NV,40
NV,40
NV,40
NV,40
NV,24
NV,45
NV,40
NV,30
NV,32
NV,40
NV,40
NV,40
NV,40
NV,40
NV,40
NV,45
NV,40
NV,69
NV,36
NV,36
NV,36
NV,40
NV,24
NV,60
NV,60
NV,20
NV,40
NV,40
NV,40
NV,40
NV,40
NV,40
NV,40
NV,40
NV,60
NV,40
NV,40
NV,25
NV,38
NV,40
NV,40
NV,20
NV,50
NV,40
AK,40
AK,40
AK,42
AK,40
AK,40
AK,30
AK,25
AK,40
AK,40
AK,40
AK,40
AK,15
AK,30
AK,25
AK,35
AK,40
AK,40
AK,40
AK,40
AK,40
AK,40
AK,40
AK,72
AK,24
AK,36
AK,36
AK,40
AK,40
AK,36
AK,50
AK,40
AK,55
AK,40
AK,25
AK,40
AK,20
AK,40
AK,40
AK,40
AK,40
AK,40
CA,40
CA,40
CA,40
CA,30
CA,35
CA,30
CA,48
CA,40
CA,47
CA,55
CA,40
CA,17
CA,32
CA,40
CA,36
CA,40
CA,40
CA,40
CA,36
CA,30
CA,40
CA,20
CA,12
CA,40
CA,50
CA,50
CA,4
CA,27
CA,50
CA,40
CA,40
CA,40
CA,25
CA,50
CA,40
CA,40
CA,40
CA,40
CA,40
CA,30
CA,40
CA,40
CA,50
CA,40
CA,20
CA,15
CA,9
CA,40
CA,40
CA,40
CA,40
CA,40
CA,40
CA,40
CA,40
CA,45
CA,40
CA,40
CA,40
CA,40
CA,40
CA,40
CA,40
CA,20
CA,40
CA,12
CA,40
CA,40
CA,40
CA,40
CA,40
CA,50
CA,20
CA,40
CA,12
CA,40
CA,40
CA,40
CA,37
CA,60
CA,30
CA,45
CA,45
CA,40
CA,40
CA,40
CA,40
CA,40
CA,40
CA,40
CA,40
CA,40
CA,40
CA,40
CA,4
CA,40
CA,40
CA,40
CA,30
CA,21
CA,60
CA,13
CA,10
CA,10
CA,40
CA,40
CA,38
CA,40
CA,40
CA,35
CA,20
CA,40
CA,20
CA,40
CA,40
CA,40
CA,19
CA,10
CA,40
CA,30
CA,40
CA,55
CA,40
CA,40
CA,40
CA,45
CA,40
CA,40
CA,40
CA,40
CA,40
CA,40
CA,12
CA,40
CA,15
CA,40
CA,40
CA,20
CA,20
CA,42
CA,50
CA,40
CA,40
CA,40
CA,40
CA,40
CA,40
CA,40
CA,32
CA,40
CA,40
CA,35
CA,40
CA,40
CA,30
CA,40
CA,50
CA,40
CA,60
CA,45
CA,40
CA,40
CA,40
CA,40
CA,40
CA,30
CA,40
CA,35
CA,38
CA,40
CA,40
CA,40
CA,40
CA,40
CA,50
CA,40
CA,40
CA,40
CA,50
CA,30
CA,40
CA,40
CA,40
CA,35
CA,35
CA,60
CA,60
CA,60
CA,10
CA,40
CA,40
CA,40
CA,40
CA,40
CA,44
CA,40
CA,40
CA,30
CA,40
CA,40
CA,40
CA,24
CA,40
CA,40
CA,36
CA,35
CA,40
CA,40
CA,17
CA,40
CA,50
CA,55
CA,40
CA,40
CA,40
CA,40
CA,40
CA,40
CA,40
CA,40
CA,30
CA,55
CA,40
CA,24
CA,40
CA,20
CA,40
CA,40
CA,40
CA,40
CA,40
CA,40
CA,35
CA,20
CA,40
CA,50
CA,40
CA,45
CA,40
CA,40
CA,40
CA,60
CA,40
CA,20
CA,40
CA,45
CA,40
CA,30
CA,40
CA,40
CA,40
CA,40
CA,40
CA,40
CA,60
CA,40
CA,40
CA,45
CA,44
CA,35
CA,40
CA,40
CA,32
CA,40
CA,40
CA,40
CA,40
CA,50
CA,45
CA,40
CA,15
CA,40
CA,40
CA,36
CA,40
CA,40
CA,40
CA,40
CA,40
CA,40
CA,40
CA,40
CA,40
CA,20
CA,40
CA,40
CA,18
CA,40
CA,40
CA,40
CA,30
CA,50
CA,40
CA,40
CA,40
CA,40
CA,30
CA,21
CA,40
CA,40
CA,40
CA,40
CA,40
CA,40
CA,40
CA,50
CA,40
CA,40
CA,40
CA,28
CA,40
CA,45
CA,40
CA,40
CA,20
CA,40
CA,45
CA,40
CA,40
CA,40
CA,40
CA,40
CA,40
CA,40
CA,40
CA,90
CA,90
CA,60
CA,40
CA,40
CA,40
CA,40
CA,40
CA,40
CA,40
CA,40
CA,40
CA,40
CA,40
CA,45
CA,40
CA,40
CA,40
CA,35
CA,60
CA,60
CA,50
CA,40
CA,40
CA,32
CA,40
CA,40
CA,40
CA,40
CA,40
CA,40
CA,11
CA,40
CA,40
CA,40
CA,40
CA,20
CA,40
FL,40
FL,30
FL,40
FL,40
FL,40
FL,30
FL,36
FL,40
FL,45
FL,40
FL,40
FL,40
FL,46
FL,40
FL,45
FL,40
FL,40
FL,60
FL,22
FL,40
FL,50
FL,40
FL,20
FL,40
FL,40
FL,40
FL,20
FL,45
FL,36
FL,40
FL,65
FL,40
FL,7
FL,40
FL,8
FL,20
FL,40
FL,40
FL,40
FL,32
FL,40
FL,35
FL,40
FL,40
FL,40
FL,40
FL,40
FL,50
FL,40
FL,40
FL,40
FL,40
FL,10
FL,40
FL,40
FL,40
FL,40
FL,40
FL,40
FL,40
FL,50
FL,10
FL,36
FL,40
FL,40
FL,40
FL,40
FL,40
FL,60
FL,40
FL,40
FL,40
FL,30
FL,40
FL,40
FL,35
FL,40
FL,40
FL,40
FL,60
FL,40
FL,40
FL,38
FL,8
FL,40
FL,40
FL,40
FL,50
FL,35
FL,30
FL,40
FL,40
FL,60
FL,40
FL,40
FL,40
FL,55
FL,50
FL,32
FL,40
FL,40
FL,40
FL,20
FL,40
FL,40
FL,40
FL,40
FL,25
FL,20
FL,40
FL,40
FL,40
FL,40
FL,50
FL,46
FL,40
FL,10
FL,40
FL,20
FL,40
FL,10
FL,40
FL,40
FL,40
FL,32
FL,39
FL,36
FL,38
FL,40
FL,40
FL,40
FL,40
FL,60
FL,45
FL,50
FL,40
FL,40
FL,40
FL,40
FL,40
FL,40
FL,40
FL,40
FL,24
FL,20
FL,20
FL,36
FL,36
FL,40
FL,40
FL,40
FL,20
FL,16
FL,40
FL,10
FL,20
FL,36
FL,40
FL,55
FL,25
FL,50
FL,50
FL,40
FL,20
FL,45
FL,60
FL,36
FL,50
FL,50
FL,40
FL,50
FL,45
FL,40
FL,40
FL,40
FL,40
FL,40
FL,40
FL,20
FL,40
FL,40
FL,40
FL,20
FL,40
FL,40
FL,40
FL,40
FL,40
FL,40
FL,40
FL,40
FL,40
FL,50
FL,54
FL,40
FL,40
FL,40
FL,35
FL,40
FL,24
FL,25
FL,40
FL,30
FL,40
FL,40
FL,40
FL,40
FL,40
FL,55
HI,35
HI,25
HI,15
HI,40
HI,40
HI,22
HI,37
HI,40
HI,30
HI,60
HI,40
HI,40
HI,40
HI,40
HI,40
HI,20
HI,40
HI,20
HI,30
HI,15
HI,50
HI,40
HI,15
HI,20
HI,40
HI,40
HI,6
HI,40
HI,40
HI,25
HI,20
HI,40
HI,40
HI,40
HI,40
HI,45
HI,45
HI,40
HI,40
HI,40
HI,45
HI,20
HI,40
HI,40
HI,40
HI,40
HI,40
HI,40
HI,40
HI,40
HI,40
HI,40
HI,20
NV,40
NV,40
NV,40
NV,40
NV,45
NV,40
NV,40
NV,40
NV,40
NV,36
NV,50
NV,20
NV,50
NV,40
NV,40
NV,40
NV,48
NV,24
NV,50
NV,60
NV,40
NV,84
NV,40
NV,40
NV,40
NV,26
NV,40
NV,32
NV,40
NV,40
NV,40
NV,40
NV,60
NV,30
NV,35
NV,60
NV,40
NV,35
NV,40
NV,40
NV,40
NV,40
NV,40
NV,40
NV,40
NV,35
NV,35
NV,48
NV,40
NV,40
NV,60
NV,40
NV,40
NV,35
NV,40
NV,40
NV,70
NV,43
NV,40
NV,40
NV,40
NV,40
NV,40
NV,40
NV,25
AK,55
AK,65
AK,40
AK,36
AK,32
AK,40
AK,40
AK,40
AK,40
AK,40
AK,40
AK,50
AK,26
AK,40
AK,40
AK,45
AK,35
AK,40
AK,38
AK,40
AK,35
AK,40
AK,35
AK,40
AK,40
AK,40
AK,40
AK,35
AK,50
AK,50
AK,10
AK,20
AK,30
AK,50
AK,40
AK,40
AK,40
AK,60
AK,32
AK,50
AK,40
CA,40
CA,35
CA,20
CA,40
CA,40
CA,40
CA,40
CA,40
CA,40
CA,30
CA,32
CA,50
CA,72
CA,40
CA,45
CA,40
CA,41
CA,36
CA,40
CA,40
CA,25
CA,60
CA,30
CA,35
CA,40
CA,35
CA,32
CA,55
CA,15
CA,40
CA,40
CA,40
CA,40
CA,45
CA,32
CA,20
CA,45
CA,36
CA,36
CA,40
CA,10
CA,40
CA,35
CA,40
CA,40
CA,60
CA,50
CA,40
CA,40
CA,44
CA,40
CA,40
CA,40
CA,40
CA,35
CA,55
CA,20
CA,60
CA,40
CA,40
CA,30
CA,30
CA,30
CA,40
CA,30
CA,40
CA,40
CA,20
CA,40
CA,40
CA,40
CA,40
CA,40
CA,20
CA,30
CA,40
CA,40
CA,60
CA,40
CA,40
CA,30
CA,40
CA,40
CA,40
CA,20
CA,32
CA,9
CA,35
CA,35
CA,49
CA,40
CA,40
CA,24
CA,40
CA,40
CA,40
CA,40
CA,10
CA,40
CA,40
CA,40
CA,40
CA,40
CA,40
CA,55
CA,40
CA,35
CA,40
CA,40
CA,20
CA,40
CA,40
CA,50
CA,40
CA,38
CA,40
CA,40
CA,40
CA,40
CA,40
CA,36
CA,12
CA,40
CA,40
CA,40
CA,40
CA,40
CA,40
CA,50
CA,60
CA,30
CA,40
CA,40
CA,40
CA,40
CA,40
CA,40
CA,40
CA,40
CA,40
CA,40
CA,10
CA,30
CA,40
CA,25
CA,25
CA,40
CA,40
CA,40
CA,40
CA,40
CA,20
CA,40
CA,40
CA,40
CA,20
CA,40
CA,15
CA,30
CA,40
CA,40
CA,40
CA,40
CA,40
CA,40
CA,40
CA,2
CA,40
CA,40
CA,40
CA,40
CA,40
CA,40
CA,40
CA,40
CA,40
CA,20
CA,40
CA,40
CA,12
CA,40
CA,40
CA,24
CA,24
CA,60
CA,40
CA,40
CA,35
CA,40
CA,25
CA,20
CA,40
CA,40
CA,40
CA,40
CA,40
CA,55
CA,40
CA,50
CA,40
CA,50
CA,50
CA,35
CA,40
CA,50
CA,40
CA,40
CA,25
CA,23
CA,40
CA,40
CA,40
CA,40
CA,40
CA,40
CA,40
CA,40
CA,24
CA,40
CA,40
CA,40
CA,40
CA,40
CA,40
CA,40
CA,40
CA,40
CA,40
CA,50
CA,25
CA,40
CA,40
CA,40
CA,32
CA,20
CA,40
CA,40
CA,20
CA,40
CA,40
CA,40
CA,40
CA,24
CA,20
CA,30
CA,40
CA,40
CA,40
CA,40
CA,15
CA,15
CA,40
CA,40
CA,40
CA,30
CA,24
CA,25
CA,40
CA,40
CA,16
CA,20
CA,24
CA,48
CA,40
CA,40
CA,40
CA,40
CA,24
CA,40
CA,40
CA,50
CA,35
CA,3
CA,15
CA,40
CA,40
CA,40
CA,40
CA,40
CA,40
CA,40
CA,40
CA,32
CA,40
CA,40
CA,35
CA,40
CA,40
CA,40
CA,40
CA,40
CA,40
CA,40
CA,40
CA,40
CA,40
CA,25
CA,40
CA,20
CA,40
CA,40
CA,50
CA,45
CA,40
CA,40
CA,30
CA,40
CA,38
CA,40
CA,40
CA,30
CA,40
CA,40
CA,40
CA,45
CA,50
CA,24
CA,40
CA,40
CA,40
CA,40
CA,40
CA,40
CA,40
CA,20
CA,10
CA,40
CA,40
CA,40
CA,30
CA,5
CA,40
CA,15
CA,40
CA,40
CA,40
CA,40
CA,40
CA,40
CA,40
CA,40
CA,40
CA,35
CA,35
CA,40
CA,40
CA,40
CA,50
CA,55
CA,40
CA,50
CA,40
CA,40
CA,20
CA,40
CA,40
CA,40
CA,45
CA,32
CA,20
CA,37
CA,40
CA,40
CA,60
CA,40
CA,40
CA,40
CA,40
CA,40
CA,40
CA,40
CA,40
CA,40
CA,20
FL,40
FL,16
FL,60
FL,40
FL,40
FL,50
FL,50
FL,40
FL,40
FL,40
FL,40
FL,40
FL,40
FL,40
FL,40
FL,40
FL,42
FL,40
FL,40
FL,40
FL,36
FL,40
FL,45
FL,40
FL,40
FL,40
FL,40
FL,40
FL,40
FL,84
FL,20
FL,40
FL,40
FL,40
FL,40
FL,40
FL,65
FL,40
FL,40
FL,40
FL,35
FL,40
FL,40
FL,40
FL,48
FL,40
FL,40
FL,18
FL,35
FL,40
FL,40
FL,40
FL,40
FL,40
FL,40
FL,40
FL,40
FL,37
FL,40
FL,40
FL,40
FL,24
FL,40
FL,45
FL,40
FL,40
FL,40
FL,60
FL,20
FL,50
FL,40
FL,40
FL,40
FL,40
FL,40
FL,40
FL,40
FL,40
FL,40
FL,40
FL,40
FL,40
FL,50
FL,40
FL,30
FL,40
FL,40
FL,40
FL,40
FL,16
FL,16
FL,12
FL,24
FL,50
FL,40
FL,40
FL,40
FL,40
FL,40
FL,40
FL,40
FL,40
FL,15
FL,40
FL,40
FL,20
FL,40
FL,40
FL,40
FL,40
FL,40
FL,40
FL,32
FL,40
FL,80
FL,40
FL,40
FL,60
FL,42
FL,40
FL,45
FL,10
FL,40
FL,40
FL,40
FL,40
FL,40
FL,40
FL,40
FL,40
FL,45
FL,40
FL,25
FL,50
FL,40
FL,50
FL,29
FL,25
FL,60
FL,60
FL,33
FL,40
FL,40
FL,40
FL,40
FL,40
FL,40
FL,5
FL,40
FL,47
FL,40
FL,30
FL,45
FL,20
FL,40
FL,20
FL,40
FL,15
FL,45
FL,17
FL,32
FL,40
FL,40
FL,40
FL,35
FL,50
FL,25
FL,40
HI,50
HI,40
HI,40
HI,40
HI,40
HI,40
HI,40
HI,40
HI,40
HI,56
HI,40
HI,40
HI,40
HI,30
HI,40
HI,40
HI,25
HI,40
HI,43
HI,30
HI,20
HI,40
HI,55
HI,40
HI,50
HI,40
HI,40
HI,25
HI,40
HI,40
HI,99
HI,40
HI,20
HI,20
HI,40
HI,30
HI,30
HI,6
HI,40
HI,40
HI,30
HI,40
HI,32
HI,60
HI,50
HI,40
HI,40
HI,40
HI,40
HI,55
HI,80
HI,80
HI,80
HI,40
HI,40
HI,40
HI,30
HI,40
HI,36
HI,40
HI,45
HI,40
HI,40
HI,40
HI,30
HI,40
HI,40
HI,40
HI,40
HI,40
HI,40
NV,40
NV,40
NV,40
NV,20
NV,40
NV,18
NV,40
NV,40
NV,40
NV,40
NV,40
NV,32
NV,60
NV,25
NV,40
NV,36
NV,40
NV,55
NV,40
NV,40
NV,40
NV,40
NV,36
NV,40
NV,40
NV,40
NV,40
NV,50
NV,40
NV,40
NV,22
NV,45
NV,40
NV,40
NV,48
NV,35
NV,35
NV,40
NV,40
NV,40
NV,40
NV,40
NV,45
NV,15
NV,40
